DATE,TIME,ax,ay,az,gx,gy,gz,ma,mg,timePeriod,label
19/08/2022, 06:44:16,-0.047884032,2.9592333,9.569624,0.3921755,0.018325957,0.037873644,10.01683867292419,0.39442600445477205,5472,breaststroke
19/08/2022, 06:44:16,-0.047884032,2.9592333,9.569624,0.41783184,0.042760566,0.05131268,10.01683867292419,0.42313697807083983,5477,breaststroke
19/08/2022, 06:44:16,-0.06464344,2.8993783,9.378088,0.41783184,0.042760566,0.05131268,9.816267507927112,0.42313697807083983,5481,breaststroke
19/08/2022, 06:44:16,-0.06464344,2.8993783,9.378088,0.25900686,0.07819075,0.07574729,9.816267507927112,0.2809555085421002,5484,breaststroke
19/08/2022, 06:44:16,-0.090979666,2.6743233,9.229648,0.25900686,0.07819075,0.07574729,9.609717894603762,0.2809555085421002,5487,breaststroke
19/08/2022, 06:44:16,-0.090979666,2.6743233,9.229648,0.040317107,0.09773844,0.07086037,9.609717894603762,0.1272771127503672,5490,breaststroke
19/08/2022, 06:44:16,-0.08619126,2.3774424,9.212888,0.040317107,0.09773844,0.07086037,9.51509127962441,0.1272771127503672,5495,breaststroke
19/08/2022, 06:44:16,-0.08619126,2.3774424,9.212888,-0.10629055,0.095294975,0.021991149,9.51509127962441,0.1444383039330794,5498,breaststroke
19/08/2022, 06:44:16,-0.08619126,2.3750482,9.212888,-0.10629055,0.095294975,0.021991149,9.514493346982176,0.1444383039330794,5502,breaststroke
19/08/2022, 06:44:16,-0.08619126,2.3750482,9.212888,-0.10751228,0.07696902,-0.032986723,9.514493346982176,0.13627635290869924,5506,breaststroke
19/08/2022, 06:44:16,-0.107739076,2.3654714,9.179369,-0.10751228,0.07696902,-0.032986723,9.479866940859434,0.13627635290869924,5512,breaststroke
19/08/2022, 06:44:16,-0.107739076,2.3654714,9.179369,-0.013439035,0.05009095,-0.043982297,9.479866940859434,0.06800112792037398,5515,breaststroke
19/08/2022, 06:44:16,-0.12689269,2.3535004,9.078813,-0.013439035,0.05009095,-0.043982297,9.379760334814296,0.06800112792037398,5519,breaststroke
19/08/2022, 06:44:16,-0.12689269,2.3535004,9.078813,0.06719518,0.032986723,-0.009773844,9.379760334814296,0.07549068640817885,5522,breaststroke
19/08/2022, 06:44:16,-0.05746084,2.372654,9.102755,0.06719518,0.032986723,-0.009773844,9.407068073858914,0.07549068640817885,5526,breaststroke
19/08/2022, 06:44:16,-0.05746084,2.372654,9.102755,0.07086037,0.035430185,0.03176499,9.407068073858914,0.08535516921581113,5531,breaststroke
19/08/2022, 06:44:16,-0.007182605,2.3989902,9.229648,0.07086037,0.035430185,0.03176499,9.536330575354318,0.08535516921581113,5534,breaststroke
19/08/2022, 06:44:16,-0.007182605,2.3989902,9.229648,0.035430185,0.040317107,0.06841691,9.536330575354318,0.08695769381303423,5538,breaststroke
19/08/2022, 06:44:16,-0.02633622,2.4013844,9.299079,0.035430185,0.040317107,0.06841691,9.604176673078525,0.08695769381303423,5541,breaststroke
19/08/2022, 06:44:16,-0.02633622,2.4013844,9.299079,0.0012217305,0.030543262,0.07941248,9.604176673078525,0.0850924549693165,5545,breaststroke
19/08/2022, 06:44:17,-2.3750482,-2.789245,7.7189064,-1.428203,4.1587706,-3.222925,8.544135817883387,5.451823692204272,6294,breaststroke
19/08/2022, 06:44:17,-2.3750482,-2.789245,7.7189064,-1.3267993,4.219857,-3.1972687,8.544135817883387,5.458032477995512,6297,breaststroke
19/08/2022, 06:44:17,-2.8443117,-2.765303,6.7947445,-1.3267993,4.219857,-3.1972687,7.868008766046552,5.458032477995512,6305,breaststroke
19/08/2022, 06:44:17,-2.8443117,-2.765303,6.7947445,-1.3060299,4.2650614,-3.167947,7.868008766046552,5.4710466310894805,6308,breaststroke
19/08/2022, 06:44:17,-3.655946,-2.8203697,5.662287,-1.3060299,4.2650614,-3.167947,7.306293408347035,5.4710466310894805,6313,breaststroke
19/08/2022, 06:44:17,-3.655946,-2.8203697,5.662287,-1.3927728,4.327369,-3.1129694,7.306293408347035,5.509675021049449,6316,breaststroke
19/08/2022, 06:44:17,-4.3718123,-3.359065,4.620809,-1.3927728,4.327369,-3.1129694,7.193603947561524,5.509675021049449,6322,breaststroke
19/08/2022, 06:44:17,-4.3718123,-3.359065,4.620809,-1.5540411,4.3750167,-3.0115657,7.193603947561524,5.534016877066573,6325,breaststroke
19/08/2022, 06:44:17,-4.7884035,-4.0892963,3.7110126,-1.5540411,4.3750167,-3.0115657,7.3090879923396,5.534016877066573,6336,breaststroke
19/08/2022, 06:44:17,-4.7884035,-4.0892963,3.7110126,-1.7165314,4.3982296,-2.9138272,7.3090879923396,5.548089083512987,6339,breaststroke
19/08/2022, 06:44:17,-4.594473,-5.5042696,2.9712043,-1.7165314,4.3982296,-2.9138272,7.761070789479758,5.548089083512987,6344,breaststroke
19/08/2022, 06:44:17,-4.594473,-5.5042696,2.9712043,-1.767844,4.418999,-2.8405235,7.761070789479758,5.5426888607848035,6347,breaststroke
19/08/2022, 06:44:17,-4.1611223,-7.386112,1.6136919,-1.767844,4.418999,-2.8405235,8.629808470435345,5.5426888607848035,6355,breaststroke
19/08/2022, 06:44:17,-4.1611223,-7.386112,1.6136919,-1.46852,4.439769,-2.719572,8.629808470435345,5.409636796654431,6358,breaststroke
19/08/2022, 06:44:17,-3.799598,-8.497022,0.6943185,-1.46852,4.439769,-2.719572,9.333723816817516,5.409636796654431,6362,breaststroke
19/08/2022, 06:44:17,-3.799598,-8.497022,0.6943185,-0.8454375,4.4409904,-2.5815165,9.333723816817516,5.20589936828184,6368,breaststroke
19/08/2022, 06:44:17,-3.9145198,-8.240842,0.1364695,-0.8454375,4.4409904,-2.5815165,9.124339085013762,5.20589936828184,6374,breaststroke
19/08/2022, 06:44:17,-3.9145198,-8.240842,0.1364695,-0.04642576,4.4532075,-2.5240953,9.124339085013762,5.119010587309279,6378,breaststroke
19/08/2022, 06:44:17,-4.261679,-7.07726,0.16998832,-0.04642576,4.4532075,-2.5240953,8.263075380992515,5.119010587309279,6384,breaststroke
19/08/2022, 06:44:17,-4.261679,-7.07726,0.16998832,0.6963864,4.4703116,-2.6010642,8.263075380992515,5.2186372921518815,6387,breaststroke
19/08/2022, 06:44:18,-2.2146366,-7.240066,-11.434708,-5.5686474,-2.5986207,-0.84299403,13.714069796762526,6.202685058532079,7292,breaststroke
19/08/2022, 06:44:18,-1.460463,-7.3310456,-10.328587,-5.5686474,-2.5986207,-0.84299403,12.749779724076227,6.202685058532079,7298,breaststroke
19/08/2022, 06:44:18,-1.460463,-7.3310456,-10.328587,-5.6052995,-3.2779028,-1.1520919,12.749779724076227,6.594796803108172,7302,breaststroke
19/08/2022, 06:44:18,-0.8834604,-7.1107793,-9.076419,-5.6052995,-3.2779028,-1.1520919,11.563955376654219,6.594796803108172,7309,breaststroke
19/08/2022, 06:44:18,-0.8834604,-7.1107793,-9.076419,-5.439144,-3.935194,-1.4880677,11.563955376654219,6.876364335382355,7313,breaststroke
19/08/2022, 06:44:18,-0.35194764,-6.7564373,-7.795521,-5.439144,-3.935194,-1.4880677,10.321988975916403,6.876364335382355,7319,breaststroke
19/08/2022, 06:44:18,-0.35194764,-6.7564373,-7.795521,-5.1007247,-4.5387287,-1.8325957,10.321988975916403,7.069360494169743,7323,breaststroke
19/08/2022, 06:44:18,-0.110133275,-6.0357823,-6.694188,-5.1007247,-4.5387287,-1.8325957,9.014152889716527,7.069360494169743,7330,breaststroke
19/08/2022, 06:44:18,-0.110133275,-6.0357823,-6.694188,-4.7354274,-5.044525,-2.1563544,9.014152889716527,7.247162950931518,7333,breaststroke
19/08/2022, 06:44:18,0.1364695,-5.6335564,-5.753267,-4.7354274,-5.044525,-2.1563544,8.053301202321084,7.247162950931518,7339,breaststroke
19/08/2022, 06:44:18,0.1364695,-5.6335564,-5.753267,-4.447099,-5.4269266,-2.4776695,8.053301202321084,7.4409051784071245,7342,breaststroke
19/08/2022, 06:44:18,0.02873042,-5.4659624,-5.6000376,-4.447099,-5.4269266,-2.4776695,7.825470678694653,7.4409051784071245,7361,breaststroke
19/08/2022, 06:44:18,0.02873042,-5.4659624,-5.6000376,-4.3493605,-5.679825,-2.7989845,7.825470678694653,7.681904772788353,7364,breaststroke
19/08/2022, 06:44:18,0.18435353,-7.1059904,-5.269638,-4.3493605,-5.679825,-2.7989845,8.84862538638208,7.681904772788353,7368,breaststroke
19/08/2022, 06:44:18,0.18435353,-7.1059904,-5.269638,-4.397008,-5.8997364,-3.0848694,8.84862538638208,7.97853292319194,7371,breaststroke
19/08/2022, 06:44:18,0.6584055,-10.029311,-3.2561142,-4.397008,-5.8997364,-3.0848694,10.56517205256484,7.97853292319194,7375,breaststroke
19/08/2022, 06:44:18,0.6584055,-10.029311,-3.2561142,-4.511851,-6.1294217,-3.3438764,10.56517205256484,8.3131292292075,7378,breaststroke
19/08/2022, 06:44:18,1.6950948,-13.965379,-0.6607997,-4.511851,-6.1294217,-3.3438764,14.083387611936574,8.3131292292075,7381,breaststroke
19/08/2022, 06:44:18,1.6950948,-13.965379,-0.6607997,-4.572937,-6.2821383,-3.5796704,14.083387611936574,8.555177117614736,7384,breaststroke
19/08/2022, 06:44:18,2.3343468,-16.077065,2.3942018,-4.572937,-6.2821383,-3.5796704,16.421126035903267,8.555177117614736,7392,breaststroke
19/08/2022, 06:44:19,-0.6823475,-11.2312,7.726089,0.15393804,0.39584067,-0.4129449,13.649099152205611,0.5923767897195147,8290,breaststroke
19/08/2022, 06:44:19,-0.842759,-10.749966,7.4746976,0.15393804,0.39584067,-0.4129449,13.120331881153742,0.5923767897195147,8294,breaststroke
19/08/2022, 06:44:19,-0.842759,-10.749966,7.4746976,0.593761,0.7965683,-0.43982297,13.120331881153742,1.0865161846447557,8298,breaststroke
19/08/2022, 06:44:19,-0.9888053,-10.304645,7.445967,0.593761,0.7965683,-0.43982297,12.751700413302482,1.0865161846447557,8304,breaststroke
19/08/2022, 06:44:19,-0.9888053,-10.304645,7.445967,1.0005972,1.1704178,-0.45937067,12.751700413302482,1.6068895549065076,8307,breaststroke
19/08/2022, 06:44:19,-1.0462662,-10.125079,7.311892,1.0005972,1.1704178,-0.45937067,12.532983122486096,1.6068895549065076,8317,breaststroke
19/08/2022, 06:44:19,-1.0462662,-10.125079,7.311892,1.2962561,1.5149459,-0.46181414,12.532983122486096,2.046610137638136,8320,breaststroke
19/08/2022, 06:44:19,-1.1324574,-10.158598,7.16824,1.2962561,1.5149459,-0.46181414,12.484519920498492,2.046610137638136,8324,breaststroke
19/08/2022, 06:44:19,-1.1324574,-10.158598,7.16824,1.5613716,1.8252654,-0.4728097,12.484519920498492,2.448065355759002,8327,breaststroke
19/08/2022, 06:44:19,-1.0869676,-10.328587,6.6893997,1.5613716,1.8252654,-0.4728097,12.353512368829557,2.448065355759002,8334,breaststroke
19/08/2022, 06:44:19,-1.0869676,-10.328587,6.6893997,1.8668042,2.1013765,-0.48380527,12.353512368829557,2.852158647821715,8337,breaststroke
19/08/2022, 06:44:19,-0.9648633,-10.6637745,5.9926867,1.8668042,2.1013765,-0.48380527,12.270262508813374,2.852158647821715,8345,breaststroke
19/08/2022, 06:44:19,-0.9648633,-10.6637745,5.9926867,2.2003367,2.32984,-0.48991394,12.270262508813374,3.2418592516821096,8349,breaststroke
19/08/2022, 06:44:19,-0.9648633,-10.6637745,5.9926867,2.2003367,2.32984,-0.48991394,12.270262508813374,3.2418592516821096,8355,breaststroke
19/08/2022, 06:44:19,-0.9648633,-10.6637745,5.9926867,2.2003367,2.32984,-0.48991394,12.270262508813374,3.2418592516821096,8358,breaststroke
19/08/2022, 06:44:19,-0.8762778,-10.979809,4.9799395,2.2003367,2.32984,-0.48991394,12.088170302807834,3.2418592516821096,8369,breaststroke
19/08/2022, 06:44:19,-0.8762778,-10.979809,4.9799395,2.4776695,2.5179865,-0.46914452,12.088170302807834,3.5635935260288374,8372,breaststroke
19/08/2022, 06:44:19,-0.9600749,-10.82658,3.9432502,2.4776695,2.5179865,-0.46914452,11.562257622124376,3.5635935260288374,8377,breaststroke
19/08/2022, 06:44:19,-0.9600749,-10.82658,3.9432502,2.6022859,2.6731462,-0.4166101,11.562257622124376,3.7538202592246392,8380,breaststroke
19/08/2022, 06:44:19,-1.1683705,-10.443508,3.1555579,2.6022859,2.6731462,-0.4166101,10.972214795048991,3.7538202592246392,8388,breaststroke
19/08/2022, 06:44:20,-0.17477672,-8.774749,9.23683,2.3909266,0.72692966,0.09040806,12.741498633016665,2.5006259932799684,9292,breaststroke
19/08/2022, 06:44:20,-0.17477672,-8.774749,9.23683,2.3310618,1.1068878,0.12339478,12.741498633016665,2.5834620597444604,9295,breaststroke
19/08/2022, 06:44:20,-0.37110126,-8.429984,7.9966335,2.3310618,1.1068878,0.12339478,11.625338522229239,2.5834620597444604,9300,breaststroke
19/08/2022, 06:44:20,-0.37110126,-8.429984,7.9966335,2.0060816,1.4184291,0.103847094,11.625338522229239,2.4590829070278395,9303,breaststroke
19/08/2022, 06:44:20,-0.37110126,-8.671799,6.991069,2.0060816,1.4184291,0.103847094,11.14508198577459,2.4590829070278395,9312,breaststroke
19/08/2022, 06:44:20,-0.37110126,-8.671799,6.991069,1.6701056,1.6664404,0.015882496,11.14508198577459,2.3593491453100746,9314,breaststroke
19/08/2022, 06:44:20,-0.44771573,-9.375694,6.3350577,1.6701056,1.6664404,0.015882496,11.324179838833963,2.3593491453100746,9324,breaststroke
19/08/2022, 06:44:20,-0.44771573,-9.375694,6.3350577,1.4514158,1.8606955,-0.10629055,11.324179838833963,2.362222071116614,9326,breaststroke
19/08/2022, 06:44:20,-0.4213795,-10.012551,5.959168,1.4514158,1.8606955,-0.10629055,11.65934934380314,2.362222071116614,9331,breaststroke
19/08/2022, 06:44:20,-0.4213795,-10.012551,5.959168,1.382999,2.026851,-0.21502456,11.65934934380314,2.463137504698205,9333,breaststroke
19/08/2022, 06:44:20,-0.45010993,-10.328587,5.5976434,1.382999,2.026851,-0.21502456,11.756526315754842,2.463137504698205,9340,breaststroke
19/08/2022, 06:44:20,-0.45010993,-10.328587,5.5976434,1.4465289,2.194228,-0.27855456,11.756526315754842,2.6428535260406356,9343,breaststroke
19/08/2022, 06:44:20,-0.7565677,-10.029311,5.2648497,1.4465289,2.194228,-0.27855456,11.352449930700264,2.6428535260406356,9351,breaststroke
19/08/2022, 06:44:20,-0.7565677,-10.029311,5.2648497,1.5552629,2.3774874,-0.3005457,11.352449930700264,2.856854373403891,9354,breaststroke
19/08/2022, 06:44:20,-1.1468226,-9.358934,4.805163,1.5552629,2.3774874,-0.3005457,10.582742825948166,2.856854373403891,9360,breaststroke
19/08/2022, 06:44:20,-1.1468226,-9.358934,4.805163,1.6676621,2.5619688,-0.3213151,10.582742825948166,3.0737639100814733,9363,breaststroke
19/08/2022, 06:44:20,-1.496376,-8.628703,4.697424,1.6676621,2.5619688,-0.3213151,9.937778944921858,3.0737639100814733,9374,breaststroke
19/08/2022, 06:44:20,-1.496376,-8.628703,4.697424,1.7617353,2.7232373,-0.36651915,9.937778944921858,3.264057121049844,9378,breaststroke
19/08/2022, 06:44:20,-1.8770541,-8.066066,3.9360676,1.7617353,2.7232373,-0.36651915,9.169371700440454,3.264057121049844,9381,breaststroke
19/08/2022, 06:44:20,-1.8770541,-8.066066,3.9360676,1.7959439,2.8417451,-0.40561453,9.169371700440454,3.3860674695024575,9383,breaststroke
19/08/2022, 06:44:21,-6.3589997,-6.4164605,2.896984,1.1728612,2.4141395,-0.66339964,9.486851952130753,2.7647372543641935,10298,breaststroke
19/08/2022, 06:44:21,-6.3589997,-6.4164605,2.896984,0.78801614,2.3151793,-0.59620446,9.486851952130753,2.5172374954943098,10301,breaststroke
19/08/2022, 06:44:21,-6.351817,-6.8569937,2.6479871,0.78801614,2.3151793,-0.59620446,9.714719705413202,2.5172374954943098,10306,breaststroke
19/08/2022, 06:44:21,-6.351817,-6.8569937,2.6479871,0.51923543,2.225993,-0.50823987,9.714719705413202,2.3415716230198846,10309,breaststroke
19/08/2022, 06:44:21,-6.3230867,-7.0844426,2.1883004,0.51923543,2.225993,-0.50823987,9.744711980894609,2.3415716230198846,10316,breaststroke
19/08/2022, 06:44:21,-6.3230867,-7.0844426,2.1883004,0.344528,2.1820107,-0.42760566,9.744711980894609,2.2500481360475444,10319,breaststroke
19/08/2022, 06:44:21,-6.3087215,-6.9982514,1.6424223,0.344528,2.1820107,-0.42760566,9.564154001406944,2.2500481360475444,10326,breaststroke
19/08/2022, 06:44:21,-6.3087215,-6.9982514,1.6424223,0.28710666,2.1881194,-0.36651915,9.564154001406944,2.237103726781617,10329,breaststroke
19/08/2022, 06:44:21,-6.5744777,-6.9743094,0.7757214,0.28710666,2.1881194,-0.36651915,9.615949903131702,2.237103726781617,10338,breaststroke
19/08/2022, 06:44:21,-6.5744777,-6.9743094,0.7757214,0.3408628,2.2174408,-0.3213151,9.615949903131702,2.2663792158827056,10341,breaststroke
19/08/2022, 06:44:21,-6.979098,-7.1634517,-0.019153614,0.3408628,2.2174408,-0.3213151,10.001160603490478,2.2663792158827056,10348,breaststroke
19/08/2022, 06:44:21,-6.979098,-7.1634517,-0.019153614,0.41905355,2.2382102,-0.2773328,10.001160603490478,2.2939276962283763,10351,breaststroke
19/08/2022, 06:44:21,-7.4268136,-7.345411,-0.58418524,0.41905355,2.2382102,-0.2773328,10.462021451610319,2.2939276962283763,10357,breaststroke
19/08/2022, 06:44:21,-7.4268136,-7.345411,-0.58418524,0.4251622,2.2308798,-0.23579398,10.462021451610319,2.283240307568044,10359,breaststroke
19/08/2022, 06:44:21,-7.7667904,-7.4124484,-1.127669,0.4251622,2.2308798,-0.23579398,10.795325917196301,2.283240307568044,10367,breaststroke
19/08/2022, 06:44:21,-7.7667904,-7.4124484,-1.127669,0.4202753,2.194228,-0.18570304,10.795325917196301,2.2418191659911395,10369,breaststroke
19/08/2022, 06:44:21,-8.358158,-7.314286,-1.3718776,0.4202753,2.194228,-0.18570304,11.19105169842144,2.2418191659911395,10377,breaststroke
19/08/2022, 06:44:21,-8.358158,-7.314286,-1.3718776,0.47891834,2.1649065,-0.13072516,11.19105169842144,2.2210970282582148,10380,breaststroke
19/08/2022, 06:44:21,-9.009381,-6.9240313,-1.7286136,0.47891834,2.1649065,-0.13072516,11.493444444199804,2.2210970282582148,10387,breaststroke
19/08/2022, 06:44:21,-9.009381,-6.9240313,-1.7286136,0.5338962,2.157576,-0.07574729,11.493444444199804,2.2239418543001803,10390,breaststroke
19/08/2022, 06:44:22,-2.60968,-7.8769236,4.1252093,2.3188446,3.1227431,0.3005457,9.266806687938567,3.901139890617119,11330,breaststroke
19/08/2022, 06:44:22,-2.8443117,-6.955156,3.1603463,2.3188446,3.1227431,0.3005457,8.151815169729586,3.901139890617119,11343,breaststroke
19/08/2022, 06:44:22,-2.8443117,-6.955156,3.1603463,2.1368067,3.1422908,0.25045475,8.151815169729586,3.8082361053373783,11345,breaststroke
19/08/2022, 06:44:22,-3.0023289,-6.6079965,2.327164,2.1368067,3.1422908,0.25045475,7.622026495887245,3.8082361053373783,11356,breaststroke
19/08/2022, 06:44:22,-3.0023289,-6.6079965,2.327164,1.9865338,3.136182,0.18692477,7.622026495887245,3.7171084498984905,11358,breaststroke
19/08/2022, 06:44:22,-2.980781,-7.1466923,1.8100165,1.9865338,3.136182,0.18692477,7.952133430828391,3.7171084498984905,11394,breaststroke
19/08/2022, 06:44:22,-2.980781,-7.1466923,1.8100165,1.9205604,3.1471777,0.14905111,7.952133430828391,3.6899181268319405,11396,breaststroke
19/08/2022, 06:44:22,-3.1004913,-7.4268136,0.8475474,1.9205604,3.1471777,0.14905111,8.092523902425004,3.6899181268319405,11398,breaststroke
19/08/2022, 06:44:22,-3.1004913,-7.4268136,0.8475474,1.9291124,3.1984904,0.1563815,8.092523902425004,3.7384850779158016,11399,breaststroke
19/08/2022, 06:44:22,-3.442862,-7.089231,0.58897364,1.9291124,3.1984904,0.1563815,7.9029985010609405,3.7384850779158016,11408,breaststroke
19/08/2022, 06:44:22,-3.442862,-7.089231,0.58897364,1.9315559,3.2754595,0.1441642,7.9029985010609405,3.8053024196965497,11411,breaststroke
19/08/2022, 06:44:22,-3.7588966,-6.730101,0.18195933,1.9315559,3.2754595,0.1441642,7.710815371824518,3.8053024196965497,11419,breaststroke
19/08/2022, 06:44:22,-3.7588966,-6.730101,0.18195933,1.926669,3.3108897,0.04886922,7.710815371824518,3.8309832140395534,11421,breaststroke
19/08/2022, 06:44:22,-3.9073372,-6.469133,-0.04070143,1.926669,3.3108897,0.04886922,7.5576862195866354,3.8309832140395534,11423,breaststroke
19/08/2022, 06:44:22,-3.9073372,-6.469133,-0.04070143,1.8753563,3.299894,-0.042760566,7.5576862195866354,3.795799100950829,11428,breaststroke
19/08/2022, 06:44:22,-4.321534,-6.0956373,-0.4405331,1.8753563,3.299894,-0.042760566,7.4850865884688655,3.795799100950829,11429,breaststroke
19/08/2022, 06:44:22,-4.321534,-6.0956373,-0.4405331,1.7641789,3.2436945,-0.10262536,7.4850865884688655,3.6938345051673873,11431,breaststroke
19/08/2022, 06:44:22,-4.960786,-5.90889,-0.770933,1.7641789,3.2436945,-0.10262536,7.753625756647834,3.6938345051673873,11437,breaststroke
19/08/2022, 06:44:22,-4.960786,-5.90889,-0.770933,1.6163495,3.1557298,-0.16982053,7.753625756647834,3.5496556130435843,11439,breaststroke
19/08/2022, 06:44:22,-5.7125654,-5.841852,-1.1611878,1.6163495,3.1557298,-0.16982053,8.25281756259859,3.5496556130435843,11441,breaststroke
19/08/2022, 06:44:50,1.5562311,7.098808,7.8912888,-1.3158038,-0.84421575,0.004886922,10.727877980474528,1.563350142164525,39368,breaststroke
19/08/2022, 06:44:50,1.7381904,7.6470804,7.560889,-1.3158038,-0.84421575,0.004886922,10.893400930512176,1.563350142164525,39370,breaststroke
19/08/2022, 06:44:50,1.7381904,7.6470804,7.560889,-1.7825048,-1.6102408,0.16249016,10.893400930512176,2.4076133186377886,39372,breaststroke
19/08/2022, 06:44:50,1.9369092,7.716512,7.642292,-1.7825048,-1.6102408,0.16249016,11.031808790354217,2.4076133186377886,39374,breaststroke
19/08/2022, 06:44:50,1.9369092,7.716512,7.642292,-0.03176499,0.18448131,-0.18692477,11.031808790354217,0.26454345098370985,39375,breaststroke
19/08/2022, 06:44:50,2.4133554,7.2807674,8.034941,-0.03176499,0.18448131,-0.18692477,11.108291090094456,0.26454345098370985,39377,breaststroke
19/08/2022, 06:44:50,2.4133554,7.2807674,8.034941,-0.17348573,-0.080634214,0.039095376,11.108291090094456,0.19526295611722744,39378,breaststroke
19/08/2022, 06:44:50,2.681506,6.622362,8.468291,-0.17348573,-0.080634214,0.039095376,11.079625964368066,0.19526295611722744,39380,breaststroke
19/08/2022, 06:44:50,2.681506,6.622362,8.468291,-0.49357912,-0.24312437,0.49235737,11.079625964368066,0.7383397506441731,39383,breaststroke
19/08/2022, 06:44:50,2.9951463,5.9064956,8.662222,-0.49357912,-0.24312437,0.49235737,10.90374612375049,0.7383397506441731,39385,breaststroke
19/08/2022, 06:44:50,2.9951463,5.9064956,8.662222,-0.17104226,-0.5497787,0.79779,10.90374612375049,0.9838602260104462,39386,breaststroke
19/08/2022, 06:44:50,3.2920272,5.327099,8.892065,-0.17104226,-0.5497787,0.79779,10.875856116077381,0.9838602260104462,39388,breaststroke
19/08/2022, 06:44:50,3.2920272,5.327099,8.892065,-0.26511553,-0.55833083,0.86254174,10.875856116077381,1.061130439147855,39389,breaststroke
19/08/2022, 06:44:50,3.502717,5.1116204,9.002198,-0.26511553,-0.55833083,0.86254174,10.928735639128403,1.061130439147855,39390,breaststroke
19/08/2022, 06:44:50,3.502717,5.1116204,9.002198,-0.25167647,-0.3933972,0.6805039,10.928735639128403,0.825341127339967,39392,breaststroke
19/08/2022, 06:44:50,3.6128504,5.341464,8.889671,-0.25167647,-0.3933972,0.6805039,10.982266733701092,0.825341127339967,39394,breaststroke
19/08/2022, 06:44:50,3.6128504,5.341464,8.889671,-0.07574729,-0.1966986,0.44715336,10.982266733701092,0.49434210867642736,39396,breaststroke
19/08/2022, 06:44:50,3.5482068,5.628768,8.995016,-0.07574729,-0.1966986,0.44715336,11.188526041082175,0.49434210867642736,39550,breaststroke
19/08/2022, 06:44:50,3.5482068,5.628768,8.995016,0.05009095,-0.0061086523,0.23701571,11.188526041082175,0.2423280118959542,39552,breaststroke
19/08/2022, 06:44:50,3.5290532,5.8586116,8.92319,0.05009095,-0.0061086523,0.23701571,11.24281406580981,0.2423280118959542,39554,breaststroke
19/08/2022, 06:44:51,-1.8076223,5.580884,7.015011,-0.004886922,1.3439035,-2.6083946,9.144623634776492,2.9342500096793493,40296,breaststroke
19/08/2022, 06:44:51,-1.8076223,5.580884,7.015011,-0.007330383,1.4208726,-2.8283062,9.144623634776492,3.1651616929341846,40298,breaststroke
19/08/2022, 06:44:51,-2.123657,5.020641,6.9719152,-0.007330383,1.4208726,-2.8283062,8.850104843045747,3.1651616929341846,40306,breaststroke
19/08/2022, 06:44:51,-2.123657,5.020641,6.9719152,-0.05497787,1.4795157,-3.0396655,8.850104843045747,3.3810583108739536,40308,breaststroke
19/08/2022, 06:44:51,-2.822764,4.3981485,7.062895,-0.05497787,1.4795157,-3.0396655,8.786136235722875,3.3810583108739536,40318,breaststroke
19/08/2022, 06:44:51,-2.822764,4.3981485,7.062895,-0.13927728,1.5149459,-3.2168164,8.786136235722875,3.5584219884219563,40320,breaststroke
19/08/2022, 06:44:51,-3.620033,3.550601,7.350199,-0.13927728,1.5149459,-3.2168164,8.929548433123195,3.5584219884219563,40326,breaststroke
19/08/2022, 06:44:51,-3.620033,3.550601,7.350199,-0.17348573,1.5589281,-3.354872,8.929548433123195,3.703447080213596,40328,breaststroke
19/08/2022, 06:44:51,-4.146757,3.2609026,7.302315,-0.17348573,1.5589281,-3.354872,9.00848980143763,3.703447080213596,40339,breaststroke
19/08/2022, 06:44:51,-4.146757,3.2609026,7.302315,-0.18936823,1.5748106,-3.4953709,9.00848980143763,3.8384249781023865,40341,breaststroke
19/08/2022, 06:44:51,-4.280833,2.6719291,7.723695,-0.18936823,1.5748106,-3.4953709,9.22606068671937,3.8384249781023865,40347,breaststroke
19/08/2022, 06:44:51,-4.280833,2.6719291,7.723695,-0.23457226,1.577254,-3.6749654,9.22606068671937,4.006011116076095,40349,breaststroke
19/08/2022, 06:44:51,-4.3287168,2.3415294,7.9008656,-0.23457226,1.577254,-3.6749654,9.308287976152878,4.006011116076095,40357,breaststroke
19/08/2022, 06:44:51,-4.3287168,2.3415294,7.9008656,-0.34574974,1.577254,-3.8398988,9.308287976152878,4.165584739721562,40359,breaststroke
19/08/2022, 06:44:51,-4.307169,2.6671407,7.565677,-0.34574974,1.577254,-3.8398988,9.105208128715875,4.165584739721562,40370,breaststroke
19/08/2022, 06:44:51,-4.307169,2.6671407,7.565677,-0.57787853,1.5613716,-3.935194,9.105208128715875,4.272888566788852,40371,breaststroke
19/08/2022, 06:44:51,-3.7349546,2.767697,7.795521,-0.57787853,1.5613716,-3.935194,9.07635264384121,4.272888566788852,40377,breaststroke
19/08/2022, 06:44:51,-3.7349546,2.767697,7.795521,-0.95417154,1.5564847,-4.030489,9.07635264384121,4.424695386569266,40439,breaststroke
19/08/2022, 06:44:51,-2.9233203,2.0685902,8.535329,-0.95417154,1.5564847,-4.030489,9.256171219240588,4.424695386569266,40440,breaststroke
19/08/2022, 06:44:51,-2.9233203,2.0685902,8.535329,-1.5015068,1.6016886,-4.125784,9.256171219240588,4.673544916875182,40442,breaststroke
19/08/2022, 06:44:52,-3.4739866,-4.036624,9.545682,0.6450737,-1.4013249,-0.20158553,10.930826134544132,1.5557853985667762,41389,breaststroke
19/08/2022, 06:44:52,-3.739743,-3.4955344,9.634268,0.6450737,-1.4013249,-0.20158553,10.909791690133511,1.5557853985667762,41391,breaststroke
19/08/2022, 06:44:52,-3.739743,-3.4955344,9.634268,0.84665924,-1.4318681,-0.18081611,10.909791690133511,1.6732520817255605,41450,breaststroke
19/08/2022, 06:44:52,-3.7972038,-2.9257145,9.76116,0.84665924,-1.4318681,-0.18081611,10.874686403118877,1.6732520817255605,41452,breaststroke
19/08/2022, 06:44:52,-3.7972038,-2.9257145,9.76116,1.0262536,-1.4648548,-0.15027285,10.874686403118877,1.794875492293354,41453,breaststroke
19/08/2022, 06:44:52,-3.5075054,-2.5929205,9.957485,1.0262536,-1.4648548,-0.15027285,10.870940284679598,1.794875492293354,41455,breaststroke
19/08/2022, 06:44:52,-3.5075054,-2.5929205,9.957485,1.187522,-1.491733,-0.09407325,10.870940284679598,1.9090116850273973,41456,breaststroke
19/08/2022, 06:44:52,-3.181894,-2.3774424,9.768343,1.187522,-1.491733,-0.09407325,10.54500860235348,1.9090116850273973,41458,breaststroke
19/08/2022, 06:44:52,-3.181894,-2.3774424,9.768343,1.3109168,-1.4966198,0.0061086523,10.54500860235348,1.9895755856095163,41459,breaststroke
19/08/2022, 06:44:52,-2.8299465,-2.0015526,9.65821,1.3109168,-1.4966198,0.0061086523,10.2613754724604,1.9895755856095163,41461,breaststroke
19/08/2022, 06:44:52,-2.8299465,-2.0015526,9.65821,1.4343116,-1.486846,0.10262536,10.2613754724604,2.068451776378272,41462,breaststroke
19/08/2022, 06:44:52,-2.3080103,-1.6232687,9.849746,1.4343116,-1.486846,0.10262536,10.245945755519404,2.068451776378272,41464,breaststroke
19/08/2022, 06:44:52,-2.3080103,-1.6232687,9.849746,1.582141,-1.4563028,0.17592919,10.245945755519404,2.1575307854478187,41466,breaststroke
19/08/2022, 06:44:52,-1.6112977,-1.6998832,10.120291,1.582141,-1.4563028,0.17592919,10.387789385851093,2.1575307854478187,41467,breaststroke
19/08/2022, 06:44:52,-1.6112977,-1.6998832,10.120291,1.7470746,-1.4391985,0.2724459,10.387789385851093,2.2798659475050576,41469,breaststroke
19/08/2022, 06:44:52,-0.8858546,-1.6567876,10.728417,1.7470746,-1.4391985,0.2724459,10.89167679808601,2.2798659475050576,41471,breaststroke
19/08/2022, 06:44:52,-0.8858546,-1.6567876,10.728417,1.8643607,-1.4110987,0.37018433,10.89167679808601,2.3672931411985743,41473,breaststroke
19/08/2022, 06:44:52,-0.2896984,-1.1994951,11.147403,1.8643607,-1.4110987,0.37018433,11.21549383519059,2.3672931411985743,41474,breaststroke
19/08/2022, 06:44:52,-0.2896984,-1.1994951,11.147403,1.8741345,-1.3267993,0.42638394,11.21549383519059,2.335504197075075,41476,breaststroke
19/08/2022, 06:44:52,0.08140286,-0.61052144,11.7268,1.8741345,-1.3267993,0.42638394,11.74296386207915,2.335504197075075,41477,breaststroke
19/08/2022, 06:44:53,3.2441432,1.127669,7.788338,0.06841691,-0.19914207,0.752586,8.512010009750107,0.7814884099965496,42298,breaststroke
19/08/2022, 06:44:53,3.2441432,1.127669,7.788338,0.073303826,-0.24678956,0.9957104,8.512010009750107,1.028454026423406,42311,breaststroke
19/08/2022, 06:44:53,4.3382936,-0.34955344,7.726089,0.073303826,-0.24678956,0.9957104,8.867662025483318,1.028454026423406,42312,breaststroke
19/08/2022, 06:44:53,4.3382936,-0.34955344,7.726089,0.24923302,-0.25411993,1.1667526,8.867662025483318,1.2198383561465989,42314,breaststroke
19/08/2022, 06:44:53,5.2289367,1.6807296,8.6334915,0.24923302,-0.25411993,1.1667526,10.232487799255535,1.2198383561465989,42320,breaststroke
19/08/2022, 06:44:53,5.2289367,1.6807296,8.6334915,0.8246681,-0.16371189,1.0445796,10.232487799255535,1.340904794175247,42321,breaststroke
19/08/2022, 06:44:53,6.4308257,1.0366893,8.700529,0.8246681,-0.16371189,1.0445796,10.868737303686471,1.340904794175247,42327,breaststroke
19/08/2022, 06:44:53,6.4308257,1.0366893,8.700529,1.3695599,0.19181168,0.8686504,10.868737303686471,1.633107306350549,42329,breaststroke
19/08/2022, 06:44:53,8.078036,-0.9959879,8.971074,1.3695599,0.19181168,0.8686504,12.113085200077833,1.633107306350549,42338,breaststroke
19/08/2022, 06:44:53,8.078036,-0.9959879,8.971074,1.8387043,0.6560693,0.5510005,12.113085200077833,2.0285122875698294,42340,breaststroke
19/08/2022, 06:44:53,6.955156,0.5315128,9.878476,1.8387043,0.6560693,0.5510005,12.093014084544574,2.0285122875698294,42348,breaststroke
19/08/2022, 06:44:53,6.955156,0.5315128,9.878476,2.5546384,1.4538593,0.04153884,12.093014084544574,2.939661495193118,42350,breaststroke
19/08/2022, 06:44:53,6.4858923,2.147599,9.14585,2.5546384,1.4538593,0.04153884,11.416021890482556,2.939661495193118,42358,breaststroke
19/08/2022, 06:44:53,6.4858923,2.147599,9.14585,2.7415633,2.5460863,-0.39950588,11.416021890482556,3.7627556250913026,42360,breaststroke
19/08/2022, 06:44:53,5.1523223,5.7484784,8.947132,2.7415633,2.5460863,-0.39950588,11.8170470959933,3.7627556250913026,42370,breaststroke
19/08/2022, 06:44:53,5.1523223,5.7484784,8.947132,2.856406,3.0127873,-0.86254174,11.8170470959933,4.240273682031909,42372,breaststroke
19/08/2022, 06:44:53,2.5474305,4.232949,10.606314,2.856406,3.0127873,-0.86254174,11.700476401545938,4.240273682031909,42377,breaststroke
19/08/2022, 06:44:53,2.5474305,4.232949,10.606314,2.6939158,3.4061847,-0.7281514,11.700476401545938,4.403348843405526,42379,breaststroke
19/08/2022, 06:44:53,-0.7302315,5.7963624,10.220847,2.6939158,3.4061847,-0.7281514,11.772712992419798,4.403348843405526,42388,breaststroke
19/08/2022, 06:44:53,-0.7302315,5.7963624,10.220847,2.1245892,2.879619,-0.07941248,11.772712992419798,3.579439976253769,42390,breaststroke
19/08/2022, 06:44:54,-4.333505,-8.465898,-1.4101849,-4.520403,-1.7751744,1.2913691,9.614536377549523,5.025228415990156,43293,breaststroke
19/08/2022, 06:44:54,-4.333505,-8.465898,-1.4101849,-4.477642,-2.3335052,1.3952162,9.614536377549523,5.238430397790138,43295,breaststroke
19/08/2022, 06:44:54,-4.1946416,-7.5321584,-1.733402,-4.477642,-2.3335052,1.3952162,8.793924629753638,5.238430397790138,43305,breaststroke
19/08/2022, 06:44:54,-4.1946416,-7.5321584,-1.733402,-4.555833,-2.8625145,1.4746287,8.793924629753638,5.57890061548443,43317,breaststroke
19/08/2022, 06:44:54,-3.7134068,-7.565677,-1.8124107,-4.555833,-2.8625145,1.4746287,8.620539057456517,5.57890061548443,43318,breaststroke
19/08/2022, 06:44:54,-3.7134068,-7.565677,-1.8124107,-4.7268753,-3.354872,1.53205,8.620539057456517,5.995472746375533,43320,breaststroke
19/08/2022, 06:44:54,-3.0454245,-8.063671,-1.2138603,-4.7268753,-3.354872,1.53205,8.7046458122432,5.995472746375533,43324,breaststroke
19/08/2022, 06:44:54,-3.0454245,-8.063671,-1.2138603,-4.97733,-3.7861428,1.563815,8.7046458122432,6.446255567703699,43326,breaststroke
19/08/2022, 06:44:54,-2.5091233,-8.511387,-0.50517654,-4.97733,-3.7861428,1.563815,8.887891182737732,6.446255567703699,43333,breaststroke
19/08/2022, 06:44:54,-2.5091233,-8.511387,-0.50517654,-5.148372,-4.162436,1.518611,8.887891182737732,6.792480312069252,43336,breaststroke
19/08/2022, 06:44:54,-1.8770541,-8.552089,0.9983821,-5.148372,-4.162436,1.518611,8.812395851929322,6.792480312069252,43343,breaststroke
19/08/2022, 06:44:54,-1.8770541,-8.552089,0.9983821,-5.0249777,-4.4751987,1.3610078,8.812395851929322,6.8651399691898956,43345,breaststroke
19/08/2022, 06:44:54,-1.6639702,-8.9279785,3.064578,-5.0249777,-4.4751987,1.3610078,9.584844076553848,6.8651399691898956,43356,breaststroke
19/08/2022, 06:44:54,-1.6639702,-8.9279785,3.064578,-4.6108108,-4.691445,1.1777482,9.584844076553848,6.682538564667387,43358,breaststroke
19/08/2022, 06:44:54,-1.6927006,-8.7053175,3.9863458,-4.6108108,-4.691445,1.1777482,9.723103450745802,6.682538564667387,43363,breaststroke
19/08/2022, 06:44:54,-1.6927006,-8.7053175,3.9863458,-4.021937,-4.834388,0.9309586,9.723103450745802,6.357197931737768,43364,breaststroke
19/08/2022, 06:44:54,-1.7118542,-8.4826565,5.509058,-4.021937,-4.834388,0.9309586,10.258441686722609,6.357197931737768,43373,breaststroke
19/08/2022, 06:44:54,-1.7118542,-8.4826565,5.509058,-3.3292155,-4.9223523,0.7489208,10.258441686722609,5.989500036534859,43375,breaststroke
19/08/2022, 06:44:54,-1.4053963,-8.470686,7.225701,-3.3292155,-4.9223523,0.7489208,11.222228492692025,5.989500036534859,43384,breaststroke
19/08/2022, 06:44:54,-1.4053963,-8.470686,7.225701,-2.638938,-4.935791,0.5925393,11.222228492692025,5.628243890328336,43386,breaststroke
19/08/2022, 06:44:55,2.3223755,0.35913026,13.342886,1.3585643,-1.7482964,-0.15027285,13.548247440648767,2.219193322554522,44293,breaststroke
19/08/2022, 06:44:55,2.3223755,0.35913026,13.342886,0.8784242,-1.1435398,-0.47158796,13.548247440648767,1.5171379522431865,44296,breaststroke
19/08/2022, 06:44:55,1.7525556,0.37588966,13.007698,0.8784242,-1.1435398,-0.47158796,13.130611295506935,1.5171379522431865,44299,breaststroke
19/08/2022, 06:44:55,1.7525556,0.37588966,13.007698,0.81245077,-0.63285637,-0.59742624,13.130611295506935,1.1905887362857928,44300,breaststroke
19/08/2022, 06:44:55,1.42455,1.7669208,12.593501,0.81245077,-0.63285637,-0.59742624,12.796390964780635,1.1905887362857928,44309,breaststroke
19/08/2022, 06:44:55,1.42455,1.7669208,12.593501,0.8332202,-0.17592919,-0.8881981,12.796390964780635,1.230488837581484,44311,breaststroke
19/08/2022, 06:44:55,1.1971009,2.8179753,12.138602,0.8332202,-0.17592919,-0.8881981,12.518773899765613,1.230488837581484,44318,breaststroke
19/08/2022, 06:44:55,1.1971009,2.8179753,12.138602,0.72692966,0.28344148,-1.2901474,12.518773899765613,1.5077288175013737,44320,breaststroke
19/08/2022, 06:44:55,0.80684596,3.0478187,11.971008,0.72692966,0.28344148,-1.2901474,12.379226095928457,1.5077288175013737,44329,breaststroke
19/08/2022, 06:44:55,0.80684596,3.0478187,11.971008,0.32620203,0.72082096,-1.5552629,12.379226095928457,1.7449450963468078,44331,breaststroke
19/08/2022, 06:44:55,0.16998832,1.9057846,11.820174,0.32620203,0.72082096,-1.5552629,11.974031464892922,1.7449450963468078,44339,breaststroke
19/08/2022, 06:44:55,0.16998832,1.9057846,11.820174,-0.28710666,1.1191051,-1.6664404,11.974031464892922,2.0277697012452083,44342,breaststroke
19/08/2022, 06:44:55,-0.19871874,0.016759412,11.628637,-0.28710666,1.1191051,-1.6664404,11.630347191422832,2.0277697012452083,44350,breaststroke
19/08/2022, 06:44:55,-0.19871874,0.016759412,11.628637,-0.8906415,1.428203,-1.7214183,11.630347191422832,2.4075479024501236,44352,breaststroke
19/08/2022, 06:44:55,-0.2681506,-2.267309,11.255142,-0.8906415,1.428203,-1.7214183,11.484372896688338,2.4075479024501236,44360,breaststroke
19/08/2022, 06:44:55,-0.2681506,-2.267309,11.255142,-1.3206906,1.6652187,-1.7751744,11.484372896688338,2.769191430241932,44362,breaststroke
19/08/2022, 06:44:55,-0.19153613,-4.3837833,10.931925,-1.3206906,1.6652187,-1.7751744,11.779695358264975,2.769191430241932,44369,breaststroke
19/08/2022, 06:44:55,-0.19153613,-4.3837833,10.931925,-1.5112807,1.8851302,-1.8484782,11.779695358264975,3.0421302759764286,44370,breaststroke
19/08/2022, 06:44:55,-0.33279404,-5.911284,10.134656,-1.5112807,1.8851302,-1.8484782,11.737345582392429,3.0421302759764286,44379,breaststroke
19/08/2022, 06:44:55,-0.33279404,-5.911284,10.134656,-1.4538593,2.140472,-1.9498819,11.737345582392429,3.239963969365529,44381,breaststroke
19/08/2022, 06:44:56,-3.5553896,-6.8809357,5.9280434,-0.6939429,2.35794,-1.7421877,9.753449099405094,3.0127488642095477,45303,breaststroke
19/08/2022, 06:44:56,-3.5553896,-6.8809357,5.9280434,-0.657291,2.460565,-1.7605137,9.753449099405094,3.0960976040678214,45305,breaststroke
19/08/2022, 06:44:56,-3.608062,-7.1083846,5.140351,-0.657291,2.460565,-1.7605137,9.485275425391851,3.0960976040678214,45307,breaststroke
19/08/2022, 06:44:56,-3.608062,-7.1083846,5.140351,-0.68661255,2.5925121,-1.7434094,9.485275425391851,3.198754797774962,45309,breaststroke
19/08/2022, 06:44:56,-4.0533834,-7.405266,4.8338933,-0.68661255,2.5925121,-1.7434094,9.728021520375158,3.198754797774962,45310,breaststroke
19/08/2022, 06:44:56,-4.0533834,-7.405266,4.8338933,-0.7122689,2.7708848,-1.6933185,9.728021520375158,3.324523541246425,45312,breaststroke
19/08/2022, 06:44:56,-4.663905,-7.819463,4.5920787,-0.7122689,2.7708848,-1.6933185,10.197215107769777,3.324523541246425,45313,breaststroke
19/08/2022, 06:44:56,-4.663905,-7.819463,4.5920787,-0.60231316,2.9309313,-1.6261233,10.197215107769777,3.4054979988070424,45315,breaststroke
19/08/2022, 06:44:56,-5.0757074,-8.197746,3.6535518,-0.60231316,2.9309313,-1.6261233,10.31088215773272,3.4054979988070424,45317,breaststroke
19/08/2022, 06:44:56,-5.0757074,-8.197746,3.6535518,-0.33964106,3.0262265,-1.59558,10.31088215773272,3.4379177541897805,45318,breaststroke
19/08/2022, 06:44:56,-5.243302,-8.422802,2.8323407,-0.33964106,3.0262265,-1.59558,10.317846745932785,3.4379177541897805,45319,breaststroke
19/08/2022, 06:44:56,-5.243302,-8.422802,2.8323407,-0.02321288,3.0616567,-1.5992452,10.317846745932785,3.4542532982900647,45320,breaststroke
19/08/2022, 06:44:56,-5.401319,-8.722076,1.8219875,-0.02321288,3.0616567,-1.5992452,10.419621045089828,3.4542532982900647,45322,breaststroke
19/08/2022, 06:44:56,-5.401319,-8.722076,1.8219875,0.25778514,3.1129694,-1.5882497,10.419621045089828,3.504221555767715,45323,breaststroke
19/08/2022, 06:44:56,-5.872977,-9.41879,1.553837,0.25778514,3.1129694,-1.5882497,11.208026944718554,3.504221555767715,45324,breaststroke
19/08/2022, 06:44:56,-5.872977,-9.41879,1.553837,0.48258355,3.1789427,-1.5406022,11.208026944718554,3.5653917892745084,45326,breaststroke
19/08/2022, 06:44:56,-6.799533,-9.464279,0.81402856,0.48258355,3.1789427,-1.5406022,11.681989142414666,3.5653917892745084,45327,breaststroke
19/08/2022, 06:44:56,-6.799533,-9.464279,0.81402856,0.5204572,3.1227431,-1.5430456,11.681989142414666,3.5218447164656546,45329,breaststroke
19/08/2022, 06:44:56,-6.179435,-7.716512,1.2114661,0.5204572,3.1227431,-1.5430456,9.959800439036933,3.5218447164656546,45334,breaststroke
19/08/2022, 06:44:56,-6.179435,-7.716512,1.2114661,0.36651915,2.9480357,-1.6688838,9.959800439036933,3.407407228079051,45340,breaststroke
19/08/2022, 06:44:57,-3.8905778,-9.868899,-5.3701944,-4.500855,-0.16737708,0.019547688,11.889943571140899,4.504008509395555,46290,breaststroke
19/08/2022, 06:44:57,-3.6607344,-10.357317,-6.033388,-4.500855,-0.16737708,0.019547688,12.533026917439466,4.504008509395555,46292,breaststroke
19/08/2022, 06:44:57,-3.6607344,-10.357317,-6.033388,-4.3261476,-0.63163465,0.08552113,12.533026917439466,4.372851344064095,46293,breaststroke
19/08/2022, 06:44:57,-3.1172507,-10.8624935,-5.662287,-4.3261476,-0.63163465,0.08552113,12.640115264745077,4.372851344064095,46295,breaststroke
19/08/2022, 06:44:57,-3.1172507,-10.8624935,-5.662287,-4.0927973,-1.0763446,0.13194689,12.640115264745077,4.2340190445949215,46297,breaststroke
19/08/2022, 06:44:57,-2.695871,-10.6398325,-5.2887917,-4.0927973,-1.0763446,0.13194689,12.183803749636807,4.2340190445949215,46300,breaststroke
19/08/2022, 06:44:57,-2.695871,-10.6398325,-5.2887917,-3.7690387,-1.5222762,0.21135938,12.183803749636807,4.070337830612513,46302,breaststroke
19/08/2022, 06:44:57,-2.6384103,-10.25676,-5.161899,-3.7690387,-1.5222762,0.21135938,11.78166073469954,4.070337830612513,46319,breaststroke
19/08/2022, 06:44:57,-2.6384103,-10.25676,-5.161899,-3.31822,-2.0048597,0.27855456,11.78166073469954,3.886854551944005,46322,breaststroke
19/08/2022, 06:44:57,-2.633622,-10.053253,-5.2528787,-3.31822,-2.0048597,0.27855456,11.644595232632618,3.886854551944005,46324,breaststroke
19/08/2022, 06:44:57,-2.633622,-10.053253,-5.2528787,-2.8050933,-2.510656,0.31398472,11.644595232632618,3.777635359210576,46325,breaststroke
19/08/2022, 06:44:57,-2.681506,-9.854534,-5.315128,-2.8050933,-2.510656,0.31398472,11.513162091514673,3.777635359210576,46330,breaststroke
19/08/2022, 06:44:57,-2.681506,-9.854534,-5.315128,-2.271197,-3.0030136,0.31031954,11.513162091514673,3.7779260374664436,46331,breaststroke
19/08/2022, 06:44:57,-2.516306,-9.991004,-5.2720323,-2.271197,-3.0030136,0.31031954,11.573516336534217,3.7779260374664436,46352,breaststroke
19/08/2022, 06:44:57,-2.516306,-9.991004,-5.2720323,-1.7446312,-3.4489453,0.29565877,11.573516336534217,3.8763869261874104,46355,breaststroke
19/08/2022, 06:44:57,-2.1380222,-10.28549,-4.9296613,-1.7446312,-3.4489453,0.29565877,11.60448208313009,3.8763869261874104,46356,breaststroke
19/08/2022, 06:44:57,-2.1380222,-10.28549,-4.9296613,-1.3646729,-3.8337903,0.2932153,11.60448208313009,4.079982281655966,46357,breaststroke
19/08/2022, 06:44:57,-1.7381904,-10.271125,-4.3957543,-1.3646729,-3.8337903,0.2932153,11.306633786347257,4.079982281655966,46360,breaststroke
19/08/2022, 06:44:57,-1.7381904,-10.271125,-4.3957543,-1.1117748,-4.1318927,0.2919936,11.306633786347257,4.288804098427426,46362,breaststroke
19/08/2022, 06:44:57,-1.5227122,-9.890448,-3.4572272,-1.1117748,-4.1318927,0.2919936,10.587352205064198,4.288804098427426,46385,breaststroke
19/08/2022, 06:44:58,-1.553837,-15.188815,4.0294414,3.3341024,-3.5466835,1.9547688,15.790848981072463,5.245600436152756,47290,breaststroke
19/08/2022, 06:44:58,2.6072857,-5.568913,6.4140663,3.3341024,-3.5466835,1.9547688,8.885436253805008,5.245600436152756,47292,breaststroke
19/08/2022, 06:44:58,2.6072857,-5.568913,6.4140663,3.3341024,-3.5466835,1.9547688,8.885436253805008,5.245600436152756,47293,breaststroke
19/08/2022, 06:44:58,4.367024,0.7517793,8.542512,3.3341024,-3.5466835,1.9547688,9.623439121373123,5.245600436152756,47295,breaststroke
19/08/2022, 06:44:58,4.367024,0.7517793,8.542512,2.1783454,-3.0360003,1.2131784,9.623439121373123,3.9286496679781613,47296,breaststroke
19/08/2022, 06:44:58,3.5434184,1.1779473,10.5440645,2.1783454,-3.0360003,1.2131784,11.185735132340747,3.9286496679781613,47321,breaststroke
19/08/2022, 06:44:58,3.5434184,1.1779473,10.5440645,1.6102408,-2.1416936,0.66339964,11.185735132340747,2.7604032331006554,47324,breaststroke
19/08/2022, 06:44:58,1.8052281,-0.14604631,11.860875,1.6102408,-2.1416936,0.66339964,11.998355591964506,2.7604032331006554,47326,breaststroke
19/08/2022, 06:44:58,1.8052281,-0.14604631,11.860875,1.5467108,-1.4086553,0.5681047,11.998355591964506,2.1678023656497314,47327,breaststroke
19/08/2022, 06:44:58,0.9864111,0.5410896,12.176909,1.5467108,-1.4086553,0.5681047,12.228773792590053,2.1678023656497314,47329,breaststroke
19/08/2022, 06:44:58,0.9864111,0.5410896,12.176909,1.5674802,-0.9761627,0.5815437,12.228773792590053,1.9359960786203463,47330,breaststroke
19/08/2022, 06:44:58,1.0103531,2.468422,12.2080345,1.5674802,-0.9761627,0.5815437,12.496000437989217,1.9359960786203463,47335,breaststroke
19/08/2022, 06:44:58,1.0103531,2.468422,12.2080345,1.4526376,-0.66950834,0.33353242,12.496000437989217,1.633903654648627,47336,breaststroke
19/08/2022, 06:44:58,1.0462662,3.095703,12.811374,1.4526376,-0.66950834,0.33353242,13.221548535359924,1.633903654648627,47355,breaststroke
19/08/2022, 06:44:58,1.0462662,3.095703,12.811374,1.0800097,-0.35308012,0.042760566,13.221548535359924,1.1370641975581117,47358,breaststroke
19/08/2022, 06:44:58,0.7350199,1.5275006,13.096283,1.0800097,-0.35308012,0.042760566,13.205534438287318,1.1370641975581117,47359,breaststroke
19/08/2022, 06:44:58,0.7350199,1.5275006,13.096283,0.41050145,0.002443461,0.02443461,13.205534438287318,0.41123528707259077,47361,breaststroke
19/08/2022, 06:44:58,0.038307227,-0.6488287,12.8688345,0.41050145,0.002443461,0.02443461,12.885237575621824,0.41123528707259077,47366,breaststroke
19/08/2022, 06:44:58,0.038307227,-0.6488287,12.8688345,-0.32375857,0.34208453,0.10262536,12.885237575621824,0.4820512439884887,47368,breaststroke
19/08/2022, 06:44:58,-0.7062895,-2.3295584,12.504915,-0.32375857,0.34208453,0.10262536,12.739646470997815,0.4820512439884887,47389,breaststroke
19/08/2022, 06:44:59,-1.541866,-2.6982653,9.449914,0.29565877,1.3487904,-1.740966,9.947806818576233,2.2220738402242692,48290,breaststroke
19/08/2022, 06:44:59,-1.541866,-2.6982653,9.449914,0.2284636,1.5076154,-1.9388863,9.947806818576233,2.4666535996147467,48293,breaststroke
19/08/2022, 06:44:59,-1.8890251,-3.3638535,9.579201,0.2284636,1.5076154,-1.9388863,10.32690722184201,2.4666535996147467,48294,breaststroke
19/08/2022, 06:44:59,-1.8890251,-3.3638535,9.579201,0.30909783,1.6615535,-2.149024,10.32690722184201,2.7339725128292143,48296,breaststroke
19/08/2022, 06:44:59,-1.8890251,-3.3638535,9.579201,0.30909783,1.6615535,-2.149024,10.32690722184201,2.7339725128292143,48300,breaststroke
19/08/2022, 06:44:59,-1.8890251,-3.3638535,9.579201,0.30909783,1.6615535,-2.149024,10.32690722184201,2.7339725128292143,48302,breaststroke
19/08/2022, 06:44:59,-2.0446482,-3.608062,9.387665,0.30909783,1.6615535,-2.149024,10.262891797495854,2.7339725128292143,48323,breaststroke
19/08/2022, 06:44:59,-2.0446482,-3.608062,9.387665,0.42638394,1.7935003,-2.35794,10.262891797495854,2.9930465174775374,48326,breaststroke
19/08/2022, 06:44:59,-2.1021092,-3.6631286,8.851364,0.42638394,1.7935003,-2.35794,9.807345276474846,2.9930465174775374,48328,breaststroke
19/08/2022, 06:44:59,-2.1021092,-3.6631286,8.851364,0.49846604,1.8936822,-2.547308,9.807345276474846,3.2129859498254323,48329,breaststroke
19/08/2022, 06:44:59,-2.0231004,-3.4045548,8.336611,0.49846604,1.8936822,-2.547308,9.229464142017958,3.2129859498254323,48331,breaststroke
19/08/2022, 06:44:59,-2.0231004,-3.4045548,8.336611,0.47036624,1.9840903,-2.6902506,9.229464142017958,3.3756936042446277,48332,breaststroke
19/08/2022, 06:44:59,-2.078167,-3.5003228,7.750031,0.47036624,1.9840903,-2.6902506,8.754085798670163,3.3756936042446277,48357,breaststroke
19/08/2022, 06:44:59,-2.078167,-3.5003228,7.750031,0.3213151,2.0867157,-2.7782152,8.754085798670163,3.4894276515397595,48360,breaststroke
19/08/2022, 06:44:59,-2.1212628,-3.6056678,7.371747,0.3213151,2.0867157,-2.7782152,8.47603978265166,3.4894276515397595,48362,breaststroke
19/08/2022, 06:44:59,-2.1212628,-3.6056678,7.371747,0.059864793,2.2149973,-2.8221974,8.47603978265166,3.5881186114875714,48363,breaststroke
19/08/2022, 06:44:59,-2.3750482,-3.8139634,6.8785415,0.059864793,2.2149973,-2.8221974,8.215929857972075,3.5881186114875714,48364,breaststroke
19/08/2022, 06:44:59,-2.3750482,-3.8139634,6.8785415,-0.2687807,2.3787093,-2.8478537,8.215929857972075,3.7203187433998197,48366,breaststroke
19/08/2022, 06:44:59,-2.5953147,-3.7493198,6.823475,-0.2687807,2.3787093,-2.8478537,8.20687924851582,3.7203187433998197,48371,breaststroke
19/08/2022, 06:44:59,-2.5953147,-3.7493198,6.823475,-0.5705481,2.5668557,-2.8759537,8.20687924851582,3.896842659948965,48373,breaststroke
19/08/2022, 06:45:00,-2.741361,-10.611102,0.088585466,-0.5558874,3.6102135,-1.1117748,10.95985377866053,3.8182058168871595,49293,breaststroke
19/08/2022, 06:45:00,-2.741361,-10.611102,0.088585466,-0.32375857,3.4843755,-1.0482447,10.95985377866053,3.6530136953920307,49300,breaststroke
19/08/2022, 06:45:00,-2.3678656,-11.264719,-0.7733272,-0.32375857,3.4843755,-1.0482447,11.536841708074052,3.6530136953920307,49301,breaststroke
19/08/2022, 06:45:00,-2.3678656,-11.264719,-0.7733272,-0.22602014,3.3756413,-0.84421575,11.536841708074052,3.486938461628166,49302,breaststroke
19/08/2022, 06:45:00,-2.1691468,-11.71004,-2.0757728,-0.22602014,3.3756413,-0.84421575,12.088799330976206,3.486938461628166,49305,breaststroke
19/08/2022, 06:45:00,-2.1691468,-11.71004,-2.0757728,-0.41783184,3.2876768,-0.6646214,12.088799330976206,3.3801070814797227,49306,breaststroke
19/08/2022, 06:45:00,-1.7357962,-12.172121,-2.456451,-0.41783184,3.2876768,-0.6646214,12.538248303359584,3.3801070814797227,49326,breaststroke
19/08/2022, 06:45:00,-1.7357962,-12.172121,-2.456451,-0.6267477,3.169169,-0.5216789,12.538248303359584,3.2723987291032106,49329,breaststroke
19/08/2022, 06:45:00,-2.0350714,-11.554418,-3.4093432,-0.6267477,3.169169,-0.5216789,12.217598092484804,3.2723987291032106,49330,breaststroke
19/08/2022, 06:45:00,-2.0350714,-11.554418,-3.4093432,-0.68539083,3.015231,-0.32498032,12.217598092484804,3.1091783708903797,49332,breaststroke
19/08/2022, 06:45:00,-2.0350714,-11.554418,-3.4093432,-0.68539083,3.015231,-0.32498032,12.217598092484804,3.1091783708903797,49336,breaststroke
19/08/2022, 06:45:00,-2.0350714,-11.554418,-3.4093432,-0.68539083,3.015231,-0.32498032,12.217598092484804,3.1091783708903797,49337,breaststroke
19/08/2022, 06:45:00,-2.0398598,-11.329363,-3.7349546,-0.68539083,3.015231,-0.32498032,12.10228807881727,3.1091783708903797,49359,breaststroke
19/08/2022, 06:45:00,-2.0398598,-11.329363,-3.7349546,-0.70738196,2.7220156,-0.1282817,12.10228807881727,2.815353346944308,49362,breaststroke
19/08/2022, 06:45:00,-2.1452048,-11.647791,-4.0462008,-0.70738196,2.7220156,-0.1282817,12.515777128960636,2.815353346944308,49364,breaststroke
19/08/2022, 06:45:00,-2.1452048,-11.647791,-4.0462008,-0.8539896,2.3652701,0.05009095,12.515777128960636,2.515215729678786,49366,breaststroke
19/08/2022, 06:45:00,-2.15957,-11.920731,-4.5872903,-0.8539896,2.3652701,0.05009095,12.9541805024189,2.515215729678786,49367,breaststroke
19/08/2022, 06:45:00,-2.15957,-11.920731,-4.5872903,-1.0543534,2.0048597,0.20525073,12.9541805024189,2.2744782303604283,49368,breaststroke
19/08/2022, 06:45:00,-2.4037786,-11.729194,-5.2600613,-1.0543534,2.0048597,0.20525073,13.077476071123137,2.2744782303604283,49392,breaststroke
19/08/2022, 06:45:00,-2.4037786,-11.729194,-5.2600613,-1.1985176,1.5919148,0.33353242,13.077476071123137,2.0203665175973278,49397,breaststroke
19/08/2022, 06:45:01,0.11492168,-10.800244,-2.5378537,0.25411993,-4.552168,0.7244862,11.095007260157159,4.616458564201192,50296,breaststroke
19/08/2022, 06:45:01,0.11492168,-10.800244,-2.5378537,0.05131268,-4.8356094,0.83077675,11.095007260157159,4.906724122997347,50301,breaststroke
19/08/2022, 06:45:01,0.25378537,-10.333375,-2.195483,0.05131268,-4.8356094,0.83077675,10.567080528743343,4.906724122997347,50302,breaststroke
19/08/2022, 06:45:01,0.25378537,-10.333375,-2.195483,-0.20158553,-5.082399,0.9443977,10.567080528743343,5.173326029851441,50305,breaststroke
19/08/2022, 06:45:01,0.8690952,-10.524911,-1.5251064,-0.20158553,-5.082399,0.9443977,10.670287068209891,5.173326029851441,50306,breaststroke
19/08/2022, 06:45:01,0.8690952,-10.524911,-1.5251064,-0.47036624,-5.252219,1.0531317,10.670287068209891,5.377372713713261,50308,breaststroke
19/08/2022, 06:45:01,1.5753847,-10.560823,-0.32321724,-0.47036624,-5.252219,1.0531317,10.682569831050296,5.377372713713261,50310,breaststroke
19/08/2022, 06:45:01,1.5753847,-10.560823,-0.32321724,-0.7110472,-5.3609533,1.1496484,10.682569831050296,5.528752138285504,50312,breaststroke
19/08/2022, 06:45:01,2.0709844,-10.414778,1.6711528,-0.7110472,-5.3609533,1.1496484,10.749387132163617,5.528752138285504,50329,breaststroke
19/08/2022, 06:45:01,2.0709844,-10.414778,1.6711528,-0.8454375,-5.4122663,1.1948525,10.749387132163617,5.6066980522086896,50333,breaststroke
19/08/2022, 06:45:01,2.6048915,-10.431537,4.4723687,-0.8454375,-5.4122663,1.1948525,11.64493448937925,5.6066980522086896,50334,breaststroke
19/08/2022, 06:45:01,2.6048915,-10.431537,4.4723687,-0.8454375,-5.4195967,1.2144,11.64493448937925,5.617967620779438,50335,breaststroke
19/08/2022, 06:45:01,2.7820623,-10.189722,5.530606,-0.8454375,-5.4195967,1.2144,11.922999065600504,5.617967620779438,50340,breaststroke
19/08/2022, 06:45:01,2.7820623,-10.189722,5.530606,-0.7867944,-5.341406,1.2437216,11.922999065600504,5.540442721228772,50342,breaststroke
19/08/2022, 06:45:01,2.006341,-9.794679,6.1076083,-0.7867944,-5.341406,1.2437216,11.715972605908592,5.540442721228772,50362,breaststroke
19/08/2022, 06:45:01,2.006341,-9.794679,6.1076083,-0.7318166,-5.176472,1.2779301,11.715972605908592,5.381870053091394,50365,breaststroke
19/08/2022, 06:45:01,1.9009962,-9.6845455,7.1706343,-0.7318166,-5.176472,1.2779301,12.199270645566429,5.381870053091394,50367,breaststroke
19/08/2022, 06:45:01,1.9009962,-9.6845455,7.1706343,-0.79168135,-4.9651127,1.3402383,12.199270645566429,5.203397172386662,50368,breaststroke
19/08/2022, 06:45:01,1.8076223,-9.425972,7.6949644,-0.79168135,-4.9651127,1.3402383,12.301582156029117,5.203397172386662,50370,breaststroke
19/08/2022, 06:45:01,1.8076223,-9.425972,7.6949644,-0.84665924,-4.681671,1.3536774,12.301582156029117,4.946445091458609,50372,breaststroke
19/08/2022, 06:45:02,-1.0151415,-4.012682,9.832987,1.8081611,-0.2968805,0.94806284,10.668634345181504,2.0631063687422784,51301,breaststroke
19/08/2022, 06:45:02,-1.0151415,-4.012682,9.832987,1.3952162,-0.11362094,0.752586,10.668634345181504,1.5893154923775772,51305,breaststroke
19/08/2022, 06:45:02,-0.82121116,-3.169923,9.112331,1.3952162,-0.11362094,0.752586,9.68283963450034,1.5893154923775772,51307,breaststroke
19/08/2022, 06:45:02,-0.82121116,-3.169923,9.112331,0.9602802,0.06963864,0.48624873,9.68283963450034,1.0786219880896784,51308,breaststroke
19/08/2022, 06:45:02,-1.0055647,-1.9847932,8.772355,0.9602802,0.06963864,0.48624873,9.050125854398772,1.0786219880896784,51309,breaststroke
19/08/2022, 06:45:02,-1.0055647,-1.9847932,8.772355,0.5876524,0.27366763,0.14172074,9.050125854398772,0.6635616536731254,51311,breaststroke
19/08/2022, 06:45:02,-1.0941502,-0.79008657,8.341399,0.5876524,0.27366763,0.14172074,8.449872301189938,0.6635616536731254,51315,breaststroke
19/08/2022, 06:45:02,-1.0941502,-0.79008657,8.341399,0.34574974,0.46670106,-0.2565634,8.449872301189938,0.6349626252933365,51317,breaststroke
19/08/2022, 06:45:02,-1.13964,0.19153613,7.869741,0.34574974,0.46670106,-0.2565634,7.9541365453761,0.6349626252933365,51336,breaststroke
19/08/2022, 06:45:02,-1.13964,0.19153613,7.869741,0.25045475,0.6133087,-0.68661255,7.9541365453761,0.9541027031076572,51339,breaststroke
19/08/2022, 06:45:02,-1.2066777,0.31364042,7.4986396,0.25045475,0.6133087,-0.68661255,7.601581212276047,0.9541027031076572,51340,breaststroke
19/08/2022, 06:45:02,-1.2066777,0.31364042,7.4986396,0.25167647,0.7501425,-1.0751228,7.601581212276047,1.334894731625334,51342,breaststroke
19/08/2022, 06:45:02,-1.0582372,-0.320823,7.7332716,0.25167647,0.7501425,-1.0751228,7.811932090599515,1.334894731625334,51347,breaststroke
19/08/2022, 06:45:02,-1.0582372,-0.320823,7.7332716,0.2761111,0.9016371,-1.351234,7.811932090599515,1.647731764918839,51349,breaststroke
19/08/2022, 06:45:02,-1.0175357,-1.9129672,8.161834,0.2761111,0.9016371,-1.351234,8.444545741348175,1.647731764918839,51371,breaststroke
19/08/2022, 06:45:02,-1.0175357,-1.9129672,8.161834,0.267559,1.0775663,-1.53205,8.444545741348175,1.8920660971266772,51375,breaststroke
19/08/2022, 06:45:02,-0.9935937,-3.3901896,8.616732,0.267559,1.0775663,-1.53205,9.312823336275171,1.8920660971266772,51377,breaststroke
19/08/2022, 06:45:02,-0.9935937,-3.3901896,8.616732,0.21868975,1.269378,-1.6823229,9.312823336275171,2.1188099927111295,51379,breaststroke
19/08/2022, 06:45:02,-1.3144168,-4.132392,8.980651,0.21868975,1.269378,-1.6823229,9.972785223553307,2.1188099927111295,51380,breaststroke
19/08/2022, 06:45:02,-1.3144168,-4.132392,8.980651,0.14660765,1.473407,-1.8533652,9.972785223553307,2.372210905711923,51381,breaststroke
19/08/2022, 06:45:03,-5.485116,-7.7931266,-0.6440403,2.361605,3.9474113,-1.9230038,9.551654695317923,4.985697282129206,52291,breaststroke
19/08/2022, 06:45:03,-5.485116,-7.7931266,-0.6440403,2.2748623,3.9009855,-1.9572122,9.551654695317923,4.921723862612272,52293,breaststroke
19/08/2022, 06:45:03,-5.0661306,-6.579266,-1.0199299,2.2748623,3.9009855,-1.9572122,8.366162719659481,4.921723862612272,52294,breaststroke
19/08/2022, 06:45:03,-5.0661306,-6.579266,-1.0199299,1.8020525,3.7555995,-1.9181169,8.366162719659481,4.585967002308962,52296,breaststroke
19/08/2022, 06:45:03,-4.084508,-7.0485296,-0.48602295,1.8020525,3.7555995,-1.9181169,8.16095541653684,4.585967002308962,52308,breaststroke
19/08/2022, 06:45:03,-4.084508,-7.0485296,-0.48602295,1.0897835,3.5515707,-1.813048,8.16095541653684,4.133814868001344,52312,breaststroke
19/08/2022, 06:45:03,-3.3854012,-9.196129,-0.15322891,1.0897835,3.5515707,-1.813048,9.800673775437438,4.133814868001344,52313,breaststroke
19/08/2022, 06:45:03,-3.3854012,-9.196129,-0.15322891,0.41172317,3.3756413,-1.6920967,9.800673775437438,3.7983761977142896,52315,breaststroke
19/08/2022, 06:45:03,-2.9352913,-11.159374,0.074220255,0.41172317,3.3756413,-1.6920967,11.5391974143715,3.7983761977142896,52321,breaststroke
19/08/2022, 06:45:03,-2.9352913,-11.159374,0.074220255,0.15271631,3.1984904,-1.6371188,11.5391974143715,3.5963621909931436,52322,breaststroke
19/08/2022, 06:45:03,-2.5881321,-12.138602,-0.22744916,0.15271631,3.1984904,-1.6371188,12.413533979493033,3.5963621909931436,52343,breaststroke
19/08/2022, 06:45:03,-2.5881321,-12.138602,-0.22744916,0.34208453,2.968805,-1.5454891,12.413533979493033,3.3644259345811713,52347,breaststroke
19/08/2022, 06:45:03,-2.5689783,-11.901577,-1.2401965,0.34208453,2.968805,-1.5454891,12.23867933311752,3.3644259345811713,52348,breaststroke
19/08/2022, 06:45:03,-2.5689783,-11.901577,-1.2401965,0.7501425,2.660929,-1.4257594,12.23867933311752,3.11063445501579,52349,breaststroke
19/08/2022, 06:45:03,-3.1004913,-11.468226,-2.1883004,0.7501425,2.660929,-1.4257594,12.079814660780725,3.11063445501579,52352,breaststroke
19/08/2022, 06:45:03,-3.1004913,-11.468226,-2.1883004,1.0140363,2.3420575,-1.3683381,12.079814660780725,2.8958335531673627,52353,breaststroke
19/08/2022, 06:45:03,-3.8115692,-11.33894,-3.4620156,1.0140363,2.3420575,-1.3683381,12.453319431075784,2.8958335531673627,52375,breaststroke
19/08/2022, 06:45:03,-3.8115692,-11.33894,-3.4620156,0.90285885,2.0549507,-1.2034045,12.453319431075784,2.5467938760910616,52378,breaststroke
19/08/2022, 06:45:03,-3.7852328,-11.001357,-4.378995,0.90285885,2.0549507,-1.2034045,12.431148035721726,2.5467938760910616,52379,breaststroke
19/08/2022, 06:45:03,-3.7852328,-11.001357,-4.378995,0.6059783,1.7959439,-1.0189233,12.431148035721726,2.1519360359818203,52381,breaststroke
19/08/2022, 06:45:04,-1.8052281,-9.698911,-5.427655,-0.5119051,-2.1539109,0.65240407,11.259980406471433,2.30803161463524,53305,breaststroke
19/08/2022, 06:45:04,-1.8052281,-9.698911,-5.427655,-0.70616025,-2.575408,0.71959925,11.259980406471433,2.7657208182042985,53309,breaststroke
19/08/2022, 06:45:04,-2.1619642,-9.516952,-6.2728086,-0.70616025,-2.575408,0.71959925,11.601490561502894,2.7657208182042985,53311,breaststroke
19/08/2022, 06:45:04,-2.1619642,-9.516952,-6.2728086,-0.9578367,-2.9749138,0.7623598,11.601490561502894,3.2169482293601863,53312,breaststroke
19/08/2022, 06:45:04,-2.3774424,-9.449914,-6.6295447,-0.9578367,-2.9749138,0.7623598,11.785752830007441,3.2169482293601863,53314,breaststroke
19/08/2022, 06:45:04,-2.3774424,-9.449914,-6.6295447,-1.2363913,-3.3377676,0.77091193,11.785752830007441,3.641930974994366,53315,breaststroke
19/08/2022, 06:45:04,-2.054225,-9.212888,-6.2728086,-1.2363913,-3.3377676,0.77091193,11.333369679755572,3.641930974994366,53318,breaststroke
19/08/2022, 06:45:04,-2.054225,-9.212888,-6.2728086,-1.4697418,-3.6541958,0.7367035,11.333369679755572,4.00699637250489,53319,breaststroke
19/08/2022, 06:45:04,-1.7788919,-8.983045,-5.482722,-1.4697418,-3.6541958,0.7367035,10.673321206950202,4.00699637250489,53320,breaststroke
19/08/2022, 06:45:04,-1.7788919,-8.983045,-5.482722,-1.6175711,-3.9180896,0.66706485,10.673321206950202,4.291029964545394,53321,breaststroke
19/08/2022, 06:45:04,-1.460463,-8.820239,-4.501099,-1.6175711,-3.9180896,0.66706485,10.009468652582145,4.291029964545394,53326,breaststroke
19/08/2022, 06:45:04,-1.460463,-8.820239,-4.501099,-1.6896533,-4.161214,0.59131753,10.009468652582145,4.529932177895352,53329,breaststroke
19/08/2022, 06:45:04,-1.1180922,-8.497022,-3.3686419,-1.6896533,-4.161214,0.59131753,9.208542523370276,4.529932177895352,53338,breaststroke
19/08/2022, 06:45:04,-1.1180922,-8.497022,-3.3686419,-1.7568485,-4.393343,0.52778757,9.208542523370276,4.760938843851283,53339,breaststroke
19/08/2022, 06:45:04,-0.9744401,-8.374918,-2.56419,-1.7568485,-4.393343,0.52778757,8.812709835356818,4.760938843851283,53347,breaststroke
19/08/2022, 06:45:04,-0.9744401,-8.374918,-2.56419,-1.8069394,-4.6205845,0.46914452,8.812709835356818,4.983465406406369,53350,breaststroke
19/08/2022, 06:45:04,-0.78050977,-8.676587,-1.4413095,-1.8069394,-4.6205845,0.46914452,8.83004712471341,4.983465406406369,53357,breaststroke
19/08/2022, 06:45:04,-0.78050977,-8.676587,-1.4413095,-1.8325957,-4.8392744,0.41538838,8.83004712471341,5.191293798743684,53360,breaststroke
19/08/2022, 06:45:04,-0.39743748,-8.983045,0.19153613,-1.8325957,-4.8392744,0.41538838,8.993871989535922,5.191293798743684,53382,breaststroke
19/08/2022, 06:45:04,-0.39743748,-8.983045,0.19153613,-1.858252,-5.032308,0.3555236,8.993871989535922,5.376208936238982,53385,breaststroke
19/08/2022, 06:45:05,-0.40222588,-8.7292595,9.555259,-1.1557571,-4.0500364,0.6963864,12.94854148997421,4.268901908559446,54292,breaststroke
19/08/2022, 06:45:05,-0.62967503,-8.803479,10.175357,-1.1557571,-4.0500364,0.6963864,13.46980415237869,4.268901908559446,54293,breaststroke
19/08/2022, 06:45:05,-0.62967503,-8.803479,10.175357,-0.9114109,-3.659083,0.6609562,13.46980415237869,3.8283704856550447,54294,breaststroke
19/08/2022, 06:45:05,-0.6895301,-8.8777,10.177752,-0.9114109,-3.659083,0.6609562,13.523151733931051,3.8283704856550447,54302,breaststroke
19/08/2022, 06:45:05,-0.6895301,-8.8777,10.177752,-0.6291912,-3.3096678,0.6243043,13.523151733931051,3.4263010025079126,54304,breaststroke
19/08/2022, 06:45:05,-0.8379706,-9.25359,9.267955,-0.6291912,-3.3096678,0.6243043,13.123494292939032,3.4263010025079126,54329,breaststroke
19/08/2022, 06:45:05,-0.8379706,-9.25359,9.267955,-0.2602286,-3.0115657,0.58032197,13.123494292939032,3.0779896668395184,54333,breaststroke
19/08/2022, 06:45:05,-0.7541735,-10.041282,8.655039,-0.2602286,-3.0115657,0.58032197,13.278019923428975,3.0779896668395184,54335,breaststroke
19/08/2022, 06:45:05,-0.7541735,-10.041282,8.655039,0.21013765,-2.7073548,0.55955255,13.278019923428975,2.77254879401248,54337,breaststroke
19/08/2022, 06:45:05,-0.557849,-10.469844,8.990228,0.21013765,-2.7073548,0.55955255,13.811336652412466,2.77254879401248,54339,breaststroke
19/08/2022, 06:45:05,-0.557849,-10.469844,8.990228,0.68783426,-2.3811526,0.6072,13.811336652412466,2.5518024398445043,54340,breaststroke
19/08/2022, 06:45:05,-0.0023942017,-9.868899,9.581595,0.68783426,-2.3811526,0.6072,13.755077274607007,2.5518024398445043,54342,breaststroke
19/08/2022, 06:45:05,-0.0023942017,-9.868899,9.581595,1.0299188,-2.0366247,0.6401868,13.755077274607007,2.370318941004954,54343,breaststroke
19/08/2022, 06:45:05,0.39025488,-8.92319,9.737218,1.0299188,-2.0366247,0.6401868,13.21321434134919,2.370318941004954,54356,breaststroke
19/08/2022, 06:45:05,0.39025488,-8.92319,9.737218,1.2351695,-1.6957619,0.5522222,13.21321434134919,2.169378160507909,54360,breaststroke
19/08/2022, 06:45:05,0.8283938,-8.109161,9.792285,1.2351695,-1.6957619,0.5522222,12.741019558861042,2.169378160507909,54362,breaststroke
19/08/2022, 06:45:05,0.8283938,-8.109161,9.792285,1.3695599,-1.3377949,0.4166101,12.741019558861042,1.9593247405822745,54364,breaststroke
19/08/2022, 06:45:05,1.0462662,-7.3765354,9.842564,1.3695599,-1.3377949,0.4166101,12.344391701886842,1.9593247405822745,54372,breaststroke
19/08/2022, 06:45:05,1.0462662,-7.3765354,9.842564,1.4428637,-0.9224065,0.30176744,12.344391701886842,1.7388941868684162,54374,breaststroke
19/08/2022, 06:45:05,0.91937345,-6.7468605,9.677363,1.4428637,-0.9224065,0.30176744,11.832866791280344,1.7388941868684162,54390,breaststroke
19/08/2022, 06:45:06,-0.81402856,-7.9750857,6.5936313,1.4721853,1.2449434,-0.018325957,10.379817352748269,1.9280947288334827,55297,breaststroke
19/08/2022, 06:45:06,-0.81402856,-7.9750857,6.5936313,1.5699236,1.5454891,-0.15027285,10.379817352748269,2.2081165358014783,55302,breaststroke
19/08/2022, 06:45:06,-1.2306197,-7.747637,6.2728086,1.5699236,1.5454891,-0.15027285,10.044323163107618,2.2081165358014783,55304,breaststroke
19/08/2022, 06:45:06,-1.2306197,-7.747637,6.2728086,1.6261233,1.8106046,-0.2968805,10.044323163107618,2.4516737085076246,55307,breaststroke
19/08/2022, 06:45:06,-1.6400281,-7.8146744,6.3589997,1.6261233,1.8106046,-0.2968805,10.207629764653905,2.4516737085076246,55308,breaststroke
19/08/2022, 06:45:06,-1.6400281,-7.8146744,6.3589997,1.6383406,2.043955,-0.42760566,10.207629764653905,2.654196469073904,55309,breaststroke
19/08/2022, 06:45:06,-1.8938135,-7.6710224,6.619968,1.6383406,2.043955,-0.42760566,10.30801095872626,2.654196469073904,55338,breaststroke
19/08/2022, 06:45:06,-1.8938135,-7.6710224,6.619968,1.6823229,2.244319,-0.56077427,10.30801095872626,2.860357597631617,55341,breaststroke
19/08/2022, 06:45:06,-1.9776106,-7.055712,6.5457473,1.6823229,2.244319,-0.56077427,9.825519124596422,2.860357597631617,55342,breaststroke
19/08/2022, 06:45:06,-1.9776106,-7.055712,6.5457473,1.7849482,2.4446826,-0.73792523,9.825519124596422,3.1156133963910695,55344,breaststroke
19/08/2022, 06:45:06,-2.1883004,-6.5840545,6.5744777,1.7849482,2.4446826,-0.73792523,9.558356995133732,3.1156133963910695,55345,breaststroke
19/08/2022, 06:45:06,-2.1883004,-6.5840545,6.5744777,1.8606955,2.6670377,-0.9431759,9.558356995133732,3.385979725853718,55347,breaststroke
19/08/2022, 06:45:06,-2.6503813,-6.181829,6.4763155,1.8606955,2.6670377,-0.9431759,9.33714052028299,3.385979725853718,55349,breaststroke
19/08/2022, 06:45:06,-2.6503813,-6.181829,6.4763155,1.8594738,2.886949,-1.0910053,9.33714052028299,3.6031112128914375,55350,breaststroke
19/08/2022, 06:45:06,-2.942474,-6.220136,6.3326635,1.8594738,2.886949,-1.0910053,9.351517201172904,3.6031112128914375,55363,breaststroke
19/08/2022, 06:45:06,-2.942474,-6.220136,6.3326635,1.7580702,3.0750957,-1.1850786,9.351517201172904,3.735162051563074,55368,breaststroke
19/08/2022, 06:45:06,-3.0502129,-6.88333,5.695806,1.7580702,3.0750957,-1.1850786,9.440669195510905,3.735162051563074,55371,breaststroke
19/08/2022, 06:45:06,-3.0502129,-6.88333,5.695806,1.6041322,3.227812,-1.2449434,9.440669195510905,3.813383628506709,55372,breaststroke
19/08/2022, 06:45:06,-3.052607,-8.0924015,5.0134583,1.6041322,3.227812,-1.2449434,9.997006332595724,3.813383628506709,55377,breaststroke
19/08/2022, 06:45:06,-3.052607,-8.0924015,5.0134583,1.4709635,3.3475416,-1.2461652,9.997006332595724,3.8629905148895465,55378,breaststroke
19/08/2022, 06:45:07,-4.450821,-7.7931266,-1.7597382,0.52290064,3.7763689,-1.3854424,9.145452825541119,4.056332998871204,56303,breaststroke
19/08/2022, 06:45:07,-4.450821,-7.7931266,-1.7597382,0.5204572,3.5979962,-1.4648548,9.145452825541119,3.9194709214055745,56309,breaststroke
19/08/2022, 06:45:07,-2.8802247,-7.7691846,-1.0342951,0.5204572,3.5979962,-1.4648548,8.350191006833413,3.9194709214055745,56312,breaststroke
19/08/2022, 06:45:07,-2.8802247,-7.7691846,-1.0342951,0.44593164,3.490484,-1.3048081,8.350191006833413,3.752979864211502,56315,breaststroke
19/08/2022, 06:45:07,-3.2082303,-8.475474,-0.92895025,0.44593164,3.490484,-1.3048081,9.109849369546206,3.752979864211502,56317,breaststroke
19/08/2022, 06:45:07,-3.2082303,-8.475474,-0.92895025,0.35185838,3.40985,-1.1691961,9.109849369546206,3.6218641780341208,56319,breaststroke
19/08/2022, 06:45:07,-4.134786,-8.372523,-0.49559975,0.35185838,3.40985,-1.1691961,9.35100112186631,3.6218641780341208,56322,breaststroke
19/08/2022, 06:45:07,-4.134786,-8.372523,-0.49559975,0.3005457,3.2082644,-1.1032226,9.35100112186631,3.405934230500807,56324,breaststroke
19/08/2022, 06:45:07,-3.9001546,-8.717288,-1.3383588,0.3005457,3.2082644,-1.1032226,9.643314802331648,3.405934230500807,56337,breaststroke
19/08/2022, 06:45:07,-3.9001546,-8.717288,-1.3383588,0.30665436,2.8674014,-0.8552113,9.643314802331648,3.007891930283067,56342,breaststroke
19/08/2022, 06:45:07,-4.3622355,-10.120291,-3.040636,0.30665436,2.8674014,-0.8552113,11.432184901217548,3.007891930283067,56345,breaststroke
19/08/2022, 06:45:07,-4.3622355,-10.120291,-3.040636,0.3115413,2.5167649,-0.4373795,11.432184901217548,2.573414903818417,56348,breaststroke
19/08/2022, 06:45:07,-4.331111,-11.128249,-4.177882,0.3115413,2.5167649,-0.4373795,12.651132411112853,2.573414903818417,56379,breaststroke
19/08/2022, 06:45:07,-4.331111,-11.128249,-4.177882,0.15760323,2.080607,-0.17592919,12.651132411112853,2.0939711284596605,56382,breaststroke
19/08/2022, 06:45:07,-4.3287168,-10.972627,-4.1706996,0.15760323,2.080607,-0.17592919,12.51123735927629,2.0939711284596605,56383,breaststroke
19/08/2022, 06:45:07,-4.3287168,-10.972627,-4.1706996,-0.05131268,1.7592919,-0.09773844,12.51123735927629,1.7627517516821112,56385,breaststroke
19/08/2022, 06:45:07,-4.453215,-10.184934,-4.9057193,-0.05131268,1.7592919,-0.09773844,12.150311942050168,1.7627517516821112,56386,breaststroke
19/08/2022, 06:45:07,-4.453215,-10.184934,-4.9057193,-0.15760323,1.4953982,-0.111177474,12.150311942050168,1.5077847586607414,56387,breaststroke
19/08/2022, 06:45:07,-4.4819455,-8.9758625,-5.104438,-0.15760323,1.4953982,-0.111177474,11.256519391482064,1.5077847586607414,56388,breaststroke
19/08/2022, 06:45:07,-4.4819455,-8.9758625,-5.104438,-0.27855456,1.2583824,-0.13439035,11.256519391482064,1.295831691933853,56390,breaststroke
19/08/2022, 06:45:08,-2.2481554,-9.742006,-3.5625722,-1.1129965,-1.858252,0.7122689,10.613802817993665,2.2801729679249307,57312,breaststroke
19/08/2022, 06:45:08,-2.2481554,-9.742006,-3.5625722,-1.1655309,-2.1966715,0.73426,10.613802817993665,2.5928682425762632,57321,breaststroke
19/08/2022, 06:45:08,-1.8842367,-9.67018,-2.9831753,-1.1655309,-2.1966715,0.73426,10.293787936899141,2.5928682425762632,57323,breaststroke
19/08/2022, 06:45:08,-1.8842367,-9.67018,-2.9831753,-1.219287,-2.5167649,0.7611381,10.293787936899141,2.89829217249798,57329,breaststroke
19/08/2022, 06:45:08,-1.520318,-9.471462,-2.5378537,-1.219287,-2.5167649,0.7611381,9.92273478219846,2.89829217249798,57331,breaststroke
19/08/2022, 06:45:08,-1.520318,-9.471462,-2.5378537,-1.2767084,-2.8160887,0.79045963,9.92273478219846,3.191420704450859,57333,breaststroke
19/08/2022, 06:45:08,-1.3239936,-9.40203,-2.0494366,-1.2767084,-2.8160887,0.79045963,9.713460617221102,3.191420704450859,57335,breaststroke
19/08/2022, 06:45:08,-1.3239936,-9.40203,-2.0494366,-1.3622295,-3.1007519,0.8185594,9.713460617221102,3.4843034921827543,57336,breaststroke
19/08/2022, 06:45:08,-1.1827357,-9.387665,-2.0709844,-1.3622295,-3.1007519,0.8185594,9.685870648954687,3.4843034921827543,57338,breaststroke
19/08/2022, 06:45:08,-1.1827357,-9.387665,-2.0709844,-1.4929546,-3.3512068,0.86498517,9.685870648954687,3.7693102409443933,57340,breaststroke
19/08/2022, 06:45:08,-1.1803415,-9.272743,-2.2098482,-1.4929546,-3.3512068,0.86498517,9.605227839448949,3.7693102409443933,57347,breaststroke
19/08/2022, 06:45:08,-1.1803415,-9.272743,-2.2098482,-1.6444492,-3.5992181,0.90041536,9.605227839448949,4.058242507976964,57350,breaststroke
19/08/2022, 06:45:08,-0.9840169,-9.25359,-1.7884687,-1.6444492,-3.5992181,0.90041536,9.476066201234211,4.058242507976964,57356,breaststroke
19/08/2022, 06:45:08,-0.9840169,-9.25359,-1.7884687,-1.7983873,-3.8362339,0.93462384,9.476066201234211,4.338710493200227,57358,breaststroke
19/08/2022, 06:45:08,-0.5434838,-9.124303,-1.553837,-1.7983873,-3.8362339,0.93462384,9.271606475194353,4.338710493200227,57375,breaststroke
19/08/2022, 06:45:08,-0.5434838,-9.124303,-1.553837,-1.9743165,-4.051258,0.95294976,9.271606475194353,4.60637936917196,57378,breaststroke
19/08/2022, 06:45:08,-0.34715924,-9.358934,-0.9792285,-1.9743165,-4.051258,0.95294976,9.41642507184769,4.60637936917196,57380,breaststroke
19/08/2022, 06:45:08,-0.34715924,-9.358934,-0.9792285,-2.1551325,-4.266283,0.93584555,9.41642507184769,4.87047986022035,57381,breaststroke
19/08/2022, 06:45:08,-0.20590134,-9.835381,-1.3263878,-2.1551325,-4.266283,0.93584555,9.926550785921966,4.87047986022035,57387,breaststroke
19/08/2022, 06:45:08,-0.20590134,-9.835381,-1.3263878,-2.3212879,-4.473977,0.90285885,9.926550785921966,5.120547087822598,57388,breaststroke
19/08/2022, 06:45:09,0.61770403,-10.967838,11.336545,-1.6847663,-4.785518,0.5644395,15.785825518277518,5.104724628402358,58291,breaststroke
19/08/2022, 06:45:09,0.61770403,-10.967838,11.336545,-1.3854424,-4.361578,0.5644395,15.785825518277518,4.611009113163256,58294,breaststroke
19/08/2022, 06:45:09,0.5386954,-10.362105,13.096283,-1.3854424,-4.361578,0.5644395,16.708562109301877,4.611009113163256,58297,breaststroke
19/08/2022, 06:45:09,0.5386954,-10.362105,13.096283,-1.0360274,-3.8606684,0.55955255,16.708562109301877,4.03623742496132,58300,breaststroke
19/08/2022, 06:45:09,0.47644615,-9.938332,13.692439,-1.0360274,-3.8606684,0.55955255,16.92572964295975,4.03623742496132,58302,breaststroke
19/08/2022, 06:45:09,0.47644615,-9.938332,13.692439,-0.72692966,-3.3524284,0.58032197,16.92572964295975,3.479076995949917,58304,breaststroke
19/08/2022, 06:45:09,0.062249243,-9.299079,12.650962,-0.72692966,-3.3524284,0.58032197,15.701069406620828,3.479076995949917,58316,breaststroke
19/08/2022, 06:45:09,0.062249243,-9.299079,12.650962,-0.49235737,-2.8686233,0.6230826,15.701069406620828,2.9765159282288796,58322,breaststroke
19/08/2022, 06:45:09,-0.5530606,-9.354146,11.20247,-0.49235737,-2.8686233,0.6230826,14.604836653425814,2.9765159282288796,58324,breaststroke
19/08/2022, 06:45:09,-0.5530606,-9.354146,11.20247,-0.3286455,-2.4007003,0.6805039,14.604836653425814,2.5168344215559575,58326,breaststroke
19/08/2022, 06:45:09,-0.90021986,-9.873688,10.0987425,-0.3286455,-2.4007003,0.6805039,14.152197894329275,2.5168344215559575,58352,breaststroke
19/08/2022, 06:45:09,-0.90021986,-9.873688,10.0987425,-0.19547687,-1.9889772,0.75136423,14.152197894329275,2.1351322427246506,58360,breaststroke
19/08/2022, 06:45:09,-0.93134445,-10.218452,9.25359,-0.19547687,-1.9889772,0.75136423,13.817130457269348,2.1351322427246506,58363,breaststroke
19/08/2022, 06:45:09,-0.93134445,-10.218452,9.25359,-0.111177474,-1.632232,0.82344633,13.817130457269348,1.831558198875482,58366,breaststroke
19/08/2022, 06:45:09,-0.6943185,-10.529699,8.640674,-0.111177474,-1.632232,0.82344633,13.638837448149296,1.831558198875482,58368,breaststroke
19/08/2022, 06:45:09,-0.6943185,-10.529699,8.640674,-0.019547688,-1.3353515,0.8588765,13.638837448149296,1.587833284824964,58370,breaststroke
19/08/2022, 06:45:09,-0.33279404,-10.3214035,8.185776,-0.019547688,-1.3353515,0.8588765,13.177596400517245,1.587833284824964,58373,breaststroke
19/08/2022, 06:45:09,-0.33279404,-10.3214035,8.185776,0.15515977,-1.0800097,0.8258898,13.177596400517245,1.3684259237229788,58374,breaststroke
19/08/2022, 06:45:09,-0.02633622,-9.603143,7.8050976,0.15515977,-1.0800097,0.8258898,12.374998678062626,1.3684259237229788,58376,breaststroke
19/08/2022, 06:45:09,-0.02633622,-9.603143,7.8050976,0.30176744,-0.829555,0.72082096,12.374998678062626,1.1396525369090067,58377,breaststroke
19/08/2022, 06:45:10,-2.5905263,0.4189853,9.483433,2.806315,1.1252137,-0.9126327,9.839810593560216,3.158228615781863,59294,breaststroke
19/08/2022, 06:45:10,-3.1172507,0.7038953,9.667787,2.806315,1.1252137,-0.9126327,10.182279610600464,3.158228615781863,59299,breaststroke
19/08/2022, 06:45:10,-3.1172507,0.7038953,9.667787,2.2198844,1.2144,-0.8857546,10.182279610600464,2.680898245724911,59302,breaststroke
19/08/2022, 06:45:10,-2.8395233,0.85473,9.794679,2.2198844,1.2144,-0.8857546,10.233727896081989,2.680898245724911,59304,breaststroke
19/08/2022, 06:45:10,-2.8395233,0.85473,9.794679,1.3683381,1.2620476,-0.9981538,10.233727896081989,2.1122084330820248,59305,breaststroke
19/08/2022, 06:45:10,-2.3319526,-0.260968,9.198523,1.3683381,1.2620476,-0.9981538,9.493098784048323,2.1122084330820248,59308,breaststroke
19/08/2022, 06:45:10,-2.3319526,-0.260968,9.198523,0.49846604,1.3451253,-1.2327261,9.493098784048323,1.8914132674138628,59310,breaststroke
19/08/2022, 06:45:10,-2.2337902,-1.7357962,8.664616,0.49846604,1.3451253,-1.2327261,9.114733731920087,1.8914132674138628,59317,breaststroke
19/08/2022, 06:45:10,-2.2337902,-1.7357962,8.664616,-0.19914207,1.5112807,-1.3341297,9.114733731920087,2.02571686496754,59321,breaststroke
19/08/2022, 06:45:10,-2.6767175,-3.0933087,8.422802,-0.19914207,1.5112807,-1.3341297,9.36359804588913,2.02571686496754,59328,breaststroke
19/08/2022, 06:45:10,-2.6767175,-3.0933087,8.422802,-0.6291912,1.7617353,-1.3426818,9.36359804588913,2.3026913064273935,59333,breaststroke
19/08/2022, 06:45:10,-3.265691,-3.9504328,8.224083,-0.6291912,1.7617353,-1.3426818,9.690521008992087,2.3026913064273935,59338,breaststroke
19/08/2022, 06:45:10,-3.265691,-3.9504328,8.224083,-0.8454375,1.9914207,-1.4611896,9.690521008992087,2.610669708427714,59340,breaststroke
19/08/2022, 06:45:10,-3.5338416,-4.8147397,8.066066,-0.8454375,1.9914207,-1.4611896,10.036492028765744,2.610669708427714,59354,breaststroke
19/08/2022, 06:45:10,-3.5338416,-4.8147397,8.066066,-0.893085,2.1746802,-1.6701056,10.036492028765744,2.883762745948241,59357,breaststroke
19/08/2022, 06:45:10,-3.5793316,-5.731719,7.8146744,-0.893085,2.1746802,-1.6701056,10.331183546871541,2.883762745948241,59358,breaststroke
19/08/2022, 06:45:10,-3.5793316,-5.731719,7.8146744,-0.80878556,2.348166,-1.8594738,10.331183546871541,3.1025248579109004,59360,breaststroke
19/08/2022, 06:45:10,-3.4739866,-6.385336,7.9990277,-0.80878556,2.348166,-1.8594738,10.808586518369054,3.1025248579109004,59368,breaststroke
19/08/2022, 06:45:10,-3.4739866,-6.385336,7.9990277,-0.7134906,2.5827382,-2.0097466,10.808586518369054,3.349430765665294,59370,breaststroke
19/08/2022, 06:45:10,-3.3446999,-7.050924,8.063671,-0.7134906,2.5827382,-2.0097466,11.221645856586399,3.349430765665294,59388,breaststroke
19/08/2022, 06:45:11,-5.085284,-10.328587,-1.3551182,0.16615535,4.1318927,-0.2932153,11.59207322498974,4.145614543654617,60295,breaststroke
19/08/2022, 06:45:11,-5.085284,-10.328587,-1.3551182,0.874759,4.107458,-0.31398472,11.59207322498974,4.211294564535462,60300,breaststroke
19/08/2022, 06:45:11,-5.085284,-10.328587,-1.3551182,0.874759,4.107458,-0.31398472,11.59207322498974,4.211294564535462,60305,breaststroke
19/08/2022, 06:45:11,-5.085284,-10.328587,-1.3551182,0.874759,4.107458,-0.31398472,11.59207322498974,4.211294564535462,60306,breaststroke
19/08/2022, 06:45:11,-4.984728,-9.308656,-2.408567,0.874759,4.107458,-0.31398472,10.830502216350819,4.211294564535462,60308,breaststroke
19/08/2022, 06:45:11,-4.984728,-9.308656,-2.408567,1.5919148,4.1037927,-0.4361578,10.830502216350819,4.42329521076724,60309,breaststroke
19/08/2022, 06:45:11,-5.1882353,-7.668628,-2.8898015,1.5919148,4.1037927,-0.4361578,9.699309088022327,4.42329521076724,60328,breaststroke
19/08/2022, 06:45:11,-5.1882353,-7.668628,-2.8898015,2.090381,4.075693,-0.5852089,9.699309088022327,4.617730641644557,60334,breaststroke
19/08/2022, 06:45:11,-5.109226,-5.710171,-2.7341783,2.090381,4.075693,-0.5852089,8.135476570602934,4.617730641644557,60337,breaststroke
19/08/2022, 06:45:11,-5.109226,-5.710171,-2.7341783,2.107485,4.0280457,-0.63285637,8.135476570602934,4.589896756774384,60339,breaststroke
19/08/2022, 06:45:11,-3.323152,-4.4340615,-1.0869676,2.107485,4.0280457,-0.63285637,5.646745949006922,4.589896756774384,60340,breaststroke
19/08/2022, 06:45:11,-3.323152,-4.4340615,-1.0869676,1.4660766,3.9266417,-0.59864795,5.646745949006922,4.233943205237154,60342,breaststroke
19/08/2022, 06:45:11,-2.0566192,-7.180211,-1.0055647,1.4660766,3.9266417,-0.59864795,7.536330255104323,4.233943205237154,60344,breaststroke
19/08/2022, 06:45:11,-2.0566192,-7.180211,-1.0055647,0.52656585,3.8056905,-0.6963864,7.536330255104323,3.9045493971689513,60345,breaststroke
19/08/2022, 06:45:11,-3.3614593,-11.286267,-1.757344,0.52656585,3.8056905,-0.6963864,11.90661561543925,3.9045493971689513,60361,breaststroke
19/08/2022, 06:45:11,-3.3614593,-11.286267,-1.757344,-0.1563815,3.685961,-0.91751957,11.90661561543925,3.8016583075882027,60364,breaststroke
19/08/2022, 06:45:11,-2.861071,-11.57836,-3.2441432,-0.1563815,3.685961,-0.91751957,12.359959725781884,3.8016583075882027,60366,breaststroke
19/08/2022, 06:45:11,-2.861071,-11.57836,-3.2441432,-0.35063666,3.1239648,-0.97494096,12.359959725781884,3.291293351029776,60367,breaststroke
19/08/2022, 06:45:11,-4.0557775,-8.707711,-3.763685,-0.35063666,3.1239648,-0.97494096,10.316922550318989,3.291293351029776,60372,breaststroke
19/08/2022, 06:45:11,-4.0557775,-8.707711,-3.763685,-0.21746802,2.5717428,-0.77946407,10.316922550318989,2.696055908573454,60373,breaststroke
19/08/2022, 06:45:12,-3.3686419,-9.267955,0.30166942,-0.37384954,-0.8051204,0.47403142,9.865786285827722,1.0063240717040864,61301,breaststroke
19/08/2022, 06:45:12,-3.3686419,-9.267955,0.30166942,-0.5497787,-1.0812315,0.61453044,9.865786285827722,1.359766813788605,61307,breaststroke
19/08/2022, 06:45:12,-3.7493198,-8.935161,0.60812724,-0.5497787,-1.0812315,0.61453044,9.708981061058248,1.359766813788605,61309,breaststroke
19/08/2022, 06:45:12,-3.7493198,-8.935161,0.60812724,-0.63529986,-1.2986995,0.73426,9.708981061058248,1.6215314000493848,61311,breaststroke
19/08/2022, 06:45:12,-3.7493198,-8.935161,0.60812724,-0.63529986,-1.2986995,0.73426,9.708981061058248,1.6215314000493848,61313,breaststroke
19/08/2022, 06:45:12,-3.7493198,-8.935161,0.60812724,-0.63529986,-1.2986995,0.73426,9.708981061058248,1.6215314000493848,61315,breaststroke
19/08/2022, 06:45:12,-3.241749,-9.074024,0.7374141,-0.63529986,-1.2986995,0.73426,9.663882846385128,1.6215314000493848,61317,breaststroke
19/08/2022, 06:45:12,-3.241749,-9.074024,0.7374141,-0.61086524,-1.5625933,0.8014552,9.663882846385128,1.8593506183159287,61320,breaststroke
19/08/2022, 06:45:12,-3.064578,-8.774749,0.51954174,-0.61086524,-1.5625933,0.8014552,9.309015996594749,1.8593506183159287,61326,breaststroke
19/08/2022, 06:45:12,-3.064578,-8.774749,0.51954174,-0.63529986,-1.8435913,0.87598073,9.309015996594749,2.1377037125735843,61327,breaststroke
19/08/2022, 06:45:12,-2.908955,-8.695741,0.2657564,-0.63529986,-1.8435913,0.87598073,9.173252015421323,2.1377037125735843,61336,breaststroke
19/08/2022, 06:45:12,-2.908955,-8.695741,0.2657564,-0.75747293,-2.1184807,0.96761054,9.173252015421323,2.4490806026085608,61339,breaststroke
19/08/2022, 06:45:12,-2.7509377,-8.731653,0.20829555,-0.75747293,-2.1184807,0.96761054,9.157118166180968,2.4490806026085608,61347,breaststroke
19/08/2022, 06:45:12,-2.7509377,-8.731653,0.20829555,-1.0042624,-2.3408356,1.0751228,9.157118166180968,2.764768225649978,61348,breaststroke
19/08/2022, 06:45:12,-2.7006595,-8.901642,0.047884032,-1.0042624,-2.3408356,1.0751228,9.30242346044411,2.764768225649978,61367,breaststroke
19/08/2022, 06:45:12,-2.7006595,-8.901642,0.047884032,-1.3158038,-2.5583036,1.1496484,9.30242346044411,3.098055574273301,61370,breaststroke
19/08/2022, 06:45:12,-2.3199813,-8.918402,0.06943185,-1.3158038,-2.5583036,1.1496484,9.215477382636784,3.098055574273301,61371,breaststroke
19/08/2022, 06:45:12,-2.3199813,-8.918402,0.06943185,-1.6542231,-2.7855456,1.2009611,9.215477382636784,3.4551448346297984,61372,breaststroke
19/08/2022, 06:45:12,-2.0254946,-9.150639,0.05746084,-1.6542231,-2.7855456,1.2009611,9.372305823610786,3.4551448346297984,61377,breaststroke
19/08/2022, 06:45:12,-2.0254946,-9.150639,0.05746084,-2.043955,-3.018896,1.2388347,9.372305823610786,3.850480176601696,61379,breaststroke
19/08/2022, 06:45:13,-0.48123455,-10.479421,-0.04070143,-1.709201,-4.811175,-0.20769419,10.490543394343634,5.109981260733496,62292,breaststroke
19/08/2022, 06:45:13,-0.15322891,-10.967838,1.6998832,-1.709201,-4.811175,-0.20769419,11.099844988396532,5.109981260733496,62294,breaststroke
19/08/2022, 06:45:13,-0.15322891,-10.967838,1.6998832,-1.881465,-4.915022,-0.22113322,11.099844988396532,5.267470980496936,62295,breaststroke
19/08/2022, 06:45:13,0.05746084,-10.888829,2.9352913,-1.881465,-4.915022,-0.22113322,11.27766991601666,5.267470980496936,62297,breaststroke
19/08/2022, 06:45:13,0.05746084,-10.888829,2.9352913,-2.0402899,-4.9577823,-0.21135938,11.27766991601666,5.3653574531463635,62299,breaststroke
19/08/2022, 06:45:13,-0.5770026,-10.455479,2.2936451,-2.0402899,-4.9577823,-0.21135938,10.719644313540334,5.3653574531463635,62302,breaststroke
19/08/2022, 06:45:13,-0.5770026,-10.455479,2.2936451,-2.1881194,-4.937013,-0.20525073,10.719644313540334,5.404081166581478,62304,breaststroke
19/08/2022, 06:45:13,-1.1587936,-10.110714,1.8004397,-2.1881194,-4.937013,-0.20525073,10.334936983787388,5.404081166581478,62311,breaststroke
19/08/2022, 06:45:13,-1.1587936,-10.110714,1.8004397,-2.4288,-4.917465,-0.17592919,10.334936983787388,5.487393290603872,62315,breaststroke
19/08/2022, 06:45:13,-1.1587936,-10.110714,1.8004397,-2.4288,-4.917465,-0.17592919,10.334936983787388,5.487393290603872,62322,breaststroke
19/08/2022, 06:45:13,-1.1587936,-10.110714,1.8004397,-2.4288,-4.917465,-0.17592919,10.334936983787388,5.487393290603872,62323,breaststroke
19/08/2022, 06:45:13,-1.2162545,-10.160992,2.5115175,-2.4288,-4.917465,-0.17592919,10.537207737860557,5.487393290603872,62339,breaststroke
19/08/2022, 06:45:13,-1.2162545,-10.160992,2.5115175,-2.7550023,-4.8820353,-0.16737708,10.537207737860557,5.608236868878467,62342,breaststroke
19/08/2022, 06:45:13,-0.47165772,-10.670957,4.570531,-2.7550023,-4.8820353,-0.16737708,11.618155130855076,5.608236868878467,62344,breaststroke
19/08/2022, 06:45:13,-0.47165772,-10.670957,4.570531,-3.1117475,-4.8356094,-0.20280726,11.618155130855076,5.753887549108381,62345,breaststroke
19/08/2022, 06:45:13,0.19153613,-11.6669445,6.727707,-3.1117475,-4.8356094,-0.20280726,13.469087585977485,5.753887549108381,62352,breaststroke
19/08/2022, 06:45:13,0.19153613,-11.6669445,6.727707,-3.5100317,-4.6352453,-0.28955013,13.469087585977485,5.821482716392329,62354,breaststroke
19/08/2022, 06:45:13,0.48362875,-12.504915,9.361329,-3.5100317,-4.6352453,-0.28955013,15.628220755483978,5.821482716392329,62372,breaststroke
19/08/2022, 06:45:13,0.48362875,-12.504915,9.361329,-3.5100317,-4.6352453,-0.28955013,15.628220755483978,5.821482716392329,62376,breaststroke
19/08/2022, 06:45:13,0.62967503,-12.89517,11.370064,-3.5100317,-4.6352453,-0.28955013,17.203495454011133,5.821482716392329,62377,breaststroke
19/08/2022, 06:45:14,0.34237084,-6.517017,9.19134,-0.42638394,-1.4391985,0.6585127,11.272509308389418,1.6391261582187087,63314,breaststroke
19/08/2022, 06:45:14,0.34237084,-6.517017,9.19134,-0.2846632,-1.047023,0.37507126,11.272509308389418,1.1480282529602504,63318,breaststroke
19/08/2022, 06:45:14,0.29688102,-5.580884,9.425972,-0.2846632,-1.047023,0.37507126,10.958254979487544,1.1480282529602504,63320,breaststroke
19/08/2022, 06:45:14,0.29688102,-5.580884,9.425972,0.02687807,-0.6719518,0.10262536,10.958254979487544,0.6802746342124776,63321,breaststroke
19/08/2022, 06:45:14,0.34476504,-5.4899044,9.394848,0.02687807,-0.6719518,0.10262536,10.88673871233337,0.6802746342124776,63322,breaststroke
19/08/2022, 06:45:14,0.34476504,-5.4899044,9.394848,0.35430184,-0.2565634,-0.062308256,10.88673871233337,0.4418561851743675,63323,breaststroke
19/08/2022, 06:45:14,-0.107739076,-5.9878983,9.131485,0.35430184,-0.2565634,-0.062308256,10.920190126242508,0.4418561851743675,63327,breaststroke
19/08/2022, 06:45:14,-0.107739076,-5.9878983,9.131485,0.59131753,0.18936823,-0.13805555,10.920190126242508,0.6360629596189191,63330,breaststroke
19/08/2022, 06:45:14,-0.8882488,-6.181829,8.669404,0.59131753,0.18936823,-0.13805555,10.684688186846081,0.6360629596189191,63346,breaststroke
19/08/2022, 06:45:14,-0.8882488,-6.181829,8.669404,0.7648033,0.6072,-0.18936823,10.684688186846081,0.9947242194972168,63349,breaststroke
19/08/2022, 06:45:14,-1.5729905,-5.4683566,8.09719,0.7648033,0.6072,-0.18936823,9.896550286080549,0.9947242194972168,63351,breaststroke
19/08/2022, 06:45:14,-1.5729905,-5.4683566,8.09719,0.8381071,0.9615019,-0.31031954,9.896550286080549,1.3127100371805696,63352,breaststroke
19/08/2022, 06:45:14,-2.0518308,-5.1810527,7.7428484,0.8381071,0.9615019,-0.31031954,9.539655010194284,1.3127100371805696,63357,breaststroke
19/08/2022, 06:45:14,-2.0518308,-5.1810527,7.7428484,0.784351,1.2400564,-0.5204572,9.539655010194284,1.5568628864136247,63358,breaststroke
19/08/2022, 06:45:14,-2.0518308,-5.1810527,7.7428484,0.784351,1.2400564,-0.5204572,9.539655010194284,1.5568628864136247,63380,breaststroke
19/08/2022, 06:45:14,-2.0518308,-5.1810527,7.7428484,0.6377433,1.4709635,-0.70005155,9.539655010194284,1.749434831712588,63384,breaststroke
19/08/2022, 06:45:14,-2.243367,-5.386954,8.075643,0.6377433,1.4709635,-0.70005155,9.963331272702414,1.749434831712588,63385,breaststroke
19/08/2022, 06:45:14,-2.243367,-5.386954,8.075643,0.6377433,1.4709635,-0.70005155,9.963331272702414,1.749434831712588,63387,breaststroke
19/08/2022, 06:45:14,-2.1667526,-5.8442464,8.564059,0.6377433,1.4709635,-0.70005155,10.592126487768189,1.749434831712588,63389,breaststroke
19/08/2022, 06:45:14,-2.1667526,-5.8442464,8.564059,0.38973203,1.690875,-0.8332202,10.592126487768189,1.9248910043327945,63392,breaststroke
19/08/2022, 06:45:15,-6.2752028,-9.653421,-0.28491,1.9547688,3.323107,-0.5375614,11.517286487565759,3.8927025841820857,64291,breaststroke
19/08/2022, 06:45:15,-6.2943563,-8.798691,0.107739076,1.9547688,3.323107,-0.5375614,10.818848794691645,3.8927025841820857,64294,breaststroke
19/08/2022, 06:45:15,-6.2943563,-8.798691,0.107739076,2.025629,3.3622024,-0.5644395,10.818848794691645,3.9656235275393312,64296,breaststroke
19/08/2022, 06:45:15,-6.030994,-7.795521,0.60573304,2.025629,3.3622024,-0.5644395,9.87471238404505,3.9656235275393312,64301,breaststroke
19/08/2022, 06:45:15,-6.030994,-7.795521,0.60573304,2.0207422,3.3976326,-0.5497787,9.87471238404505,3.9911856440896303,64303,breaststroke
19/08/2022, 06:45:15,-5.825093,-7.177817,0.8499416,2.0207422,3.3976326,-0.5497787,9.28305778135885,3.9911856440896303,64319,breaststroke
19/08/2022, 06:45:15,-5.825093,-7.177817,0.8499416,1.8570304,3.4574974,-0.4373795,9.28305778135885,3.948942984338186,64322,breaststroke
19/08/2022, 06:45:15,-5.7005944,-7.9487495,0.79487497,1.8570304,3.4574974,-0.4373795,9.813828116369423,3.948942984338186,64324,breaststroke
19/08/2022, 06:45:15,-5.7005944,-7.9487495,0.79487497,1.5344934,3.5283577,-0.18081611,9.813828116369423,3.85184020633391,64325,breaststroke
19/08/2022, 06:45:15,-5.470751,-8.779537,0.107739076,1.5344934,3.5283577,-0.18081611,10.345095242772784,3.85184020633391,64331,breaststroke
19/08/2022, 06:45:15,-5.470751,-8.779537,0.107739076,1.2217305,3.5515707,0.112399206,10.345095242772784,3.757514209433874,64332,breaststroke
19/08/2022, 06:45:15,-5.0876784,-8.585608,-1.0151415,1.2217305,3.5515707,0.112399206,10.03133294770339,3.757514209433874,64353,breaststroke
19/08/2022, 06:45:15,-5.0876784,-8.585608,-1.0151415,0.97249746,3.4855971,0.21991149,10.03133294770339,3.625396496334126,64356,breaststroke
19/08/2022, 06:45:15,-5.0014873,-8.714894,-2.3415294,0.97249746,3.4855971,0.21991149,10.317316371950167,3.625396496334126,64358,breaststroke
19/08/2022, 06:45:15,-5.0014873,-8.714894,-2.3415294,0.816116,3.3793066,0.24312437,10.317316371950167,3.4849487132230523,64359,breaststroke
19/08/2022, 06:45:15,-5.1690817,-8.836999,-3.5075054,0.816116,3.3793066,0.24312437,10.821947606730149,3.4849487132230523,64362,breaststroke
19/08/2022, 06:45:15,-5.1690817,-8.836999,-3.5075054,0.72204274,3.3157766,0.33108896,10.821947606730149,3.4095952822662707,64364,breaststroke
19/08/2022, 06:45:15,-5.437232,-8.820239,-4.2784386,0.72204274,3.3157766,0.33108896,11.210046645480627,3.4095952822662707,64386,breaststroke
19/08/2022, 06:45:15,-5.437232,-8.820239,-4.2784386,0.6389651,3.2510247,0.41538838,11.210046645480627,3.3391594171911008,64389,breaststroke
19/08/2022, 06:45:15,-5.4899044,-8.62152,-4.0414124,0.6389651,3.2510247,0.41538838,10.99102688626524,3.3391594171911008,64390,breaststroke
19/08/2022, 06:45:16,-4.6255975,-10.970232,-4.654328,1.0873401,2.2540927,-0.5290093,12.782993009684079,2.5579470714101804,65294,breaststroke
19/08/2022, 06:45:16,-4.6255975,-10.970232,-4.654328,0.9602802,1.8289305,-0.37384954,12.782993009684079,2.099258980402798,65300,breaststroke
19/08/2022, 06:45:16,-4.4915223,-11.978191,-4.0653543,0.9602802,1.8289305,-0.37384954,13.423037930471407,2.099258980402798,65302,breaststroke
19/08/2022, 06:45:16,-4.4915223,-11.978191,-4.0653543,0.9969321,1.3316863,-0.30176744,13.423037930471407,1.6906582943784514,65306,breaststroke
19/08/2022, 06:45:16,-5.0182467,-10.500969,-4.429273,0.9969321,1.3316863,-0.30176744,12.452775129592695,1.6906582943784514,65308,breaststroke
19/08/2022, 06:45:16,-5.0182467,-10.500969,-4.429273,1.0567969,0.8405506,-0.25411993,12.452775129592695,1.3740167245640762,65310,breaststroke
19/08/2022, 06:45:16,-4.9536033,-9.3182335,-5.473145,1.0567969,0.8405506,-0.25411993,11.887934092473456,1.3740167245640762,65313,breaststroke
19/08/2022, 06:45:16,-4.9536033,-9.3182335,-5.473145,0.8136725,0.39706242,-0.1881465,11.887934092473456,0.9247273012718386,65317,breaststroke
19/08/2022, 06:45:16,-5.142745,-9.44752,-5.681441,0.8136725,0.39706242,-0.1881465,12.164794910559104,0.9247273012718386,65319,breaststroke
19/08/2022, 06:45:16,-5.142745,-9.44752,-5.681441,0.21868975,0.032986723,-0.118507855,12.164794910559104,0.25091322059151905,65322,breaststroke
19/08/2022, 06:45:16,-5.195418,-9.65821,-5.556942,0.21868975,0.032986723,-0.118507855,12.294429134765464,0.25091322059151905,65326,breaststroke
19/08/2022, 06:45:16,-5.195418,-9.65821,-5.556942,-0.3933972,-0.30787608,-0.08307768,12.294429134765464,0.5064098612639174,65328,breaststroke
19/08/2022, 06:45:16,-4.6830587,-9.3661175,-5.080496,-0.3933972,-0.30787608,-0.08307768,11.639013432152387,0.5064098612639174,65337,breaststroke
19/08/2022, 06:45:16,-4.6830587,-9.3661175,-5.080496,-0.7489208,-0.6389651,-0.029321533,11.639013432152387,0.9848951596008106,65340,breaststroke
19/08/2022, 06:45:16,-4.0533834,-9.651027,-4.9200845,-0.7489208,-0.6389651,-0.029321533,11.566307306231934,0.9848951596008106,65359,breaststroke
19/08/2022, 06:45:16,-4.0533834,-9.651027,-4.9200845,-0.91751957,-0.956615,0.04153884,11.566307306231934,1.3261522681663025,65362,breaststroke
19/08/2022, 06:45:16,-3.6894648,-9.921572,-4.8003745,-0.91751957,-0.956615,0.04153884,11.622965697558849,1.3261522681663025,65364,breaststroke
19/08/2022, 06:45:16,-3.6894648,-9.921572,-4.8003745,-0.9944886,-1.1924089,0.05009095,11.622965697558849,1.5534978930062149,65365,breaststroke
19/08/2022, 06:45:16,-3.9552212,-9.809045,-4.582502,-0.9944886,-1.1924089,0.05009095,11.526511126149,1.5534978930062149,65367,breaststroke
19/08/2022, 06:45:16,-3.9552212,-9.809045,-4.582502,-0.88697636,-1.4123205,0.029321533,11.526511126149,1.6680035963250504,65368,breaststroke
